PacketCounter,SampleTimeFine,Quat_W,Quat_X,Quat_Y,Quat_Z,Acc_X,Acc_Y,Acc_Z,Gyr_X,Gyr_Y,Gyr_Z,Mag_X,Mag_Y,Mag_Z,Status,
0, 1650428528, 0.5985666513442993, -0.010850252583622932, -0.00021571485558524728, 0.8009995818138123, 0, 0, 0, 0, 0, 0, 1.57666015625, -0.560546875, -1.22119140625, 0, 
1, 1650436861, 0.598566472530365, -0.010850784368813038, -0.00021598173771053553, 0.8009997010231018, -0.19640964269638062, -0.14083200693130493, 9.843928337097168, 0.2925017476081848, 0.3309231102466583, -0.7569006085395813, 1.57763671875, -0.560546875, -1.2236328125, 0, 
2, 1650445194, 0.5985580086708069, -0.010845865122973919, -0.00020789333211723715, 0.801006019115448, -0.1882556676864624, -0.12569691240787506, 9.855230331420898, 0.4250810146331787, 0.3377108573913574, -0.7317730188369751, 1.57470703125, -0.55859375, -1.22314453125, 0, 
3, 1650453527, 0.5985554456710815, -0.010848602280020714, -0.00020676465646829456, 0.801007866859436, -0.18330590426921844, -0.12511752545833588, 9.866252899169922, 0.29014527797698975, 0.3665781617164612, -0.7156105637550354, 1.5732421875, -0.56494140625, -1.22119140625, 0, 
4, 1650461860, 0.598547637462616, -0.01084896083921194, -0.0002100220153806731, 0.801013708114624, -0.17088879644870758, -0.1259833127260208, 9.857147216796875, 0.2552074193954468, 0.30228644609451294, -0.7408918142318726, 1.5751953125, -0.5595703125, -1.220703125, 0, 
5, 1650470193, 0.598544180393219, -0.010853934101760387, -0.00021768978331238031, 0.8010162115097046, -0.19291217625141144, -0.13334329426288605, 9.838556289672852, 0.17442013323307037, 0.32037004828453064, -0.7032900452613831, 1.5771484375, -0.5625, -1.22265625, 0, 
6, 1650478526, 0.5985321998596191, -0.010854066349565983, -0.00021414662478491664, 0.8010251522064209, -0.18741163611412048, -0.15158304572105408, 9.858412742614746, 0.3327929377555847, 0.35374534130096436, -0.66801917552948, 1.57666015625, -0.5634765625, -1.2216796875, 0, 
7, 1650486859, 0.5985295176506042, -0.01085473783314228, -0.00022154452744871378, 0.8010271787643433, -0.1805019974708557, -0.1526559740304947, 9.854764938354492, 0.21289272606372833, 0.27516090869903564, -0.7150213718414307, 1.57470703125, -0.5634765625, -1.22021484375, 0, 
8, 1650495192, 0.5985212922096252, -0.010854000225663185, -0.00022288993932306767, 0.8010333180427551, -0.15794934332370758, -0.12409497052431107, 9.851760864257812, 0.28627753257751465, 0.3060261011123657, -0.7374851703643799, 1.5771484375, -0.56103515625, -1.22119140625, 0, 
9, 1650503525, 0.5985212326049805, -0.010854143649339676, -0.0002193469408666715, 0.8010334372520447, -0.19229702651500702, -0.1464329957962036, 9.830982208251953, 0.33960628509521484, 0.3578948378562927, -0.7581300735473633, 1.57666015625, -0.5615234375, -1.22216796875, 0, 
10, 1650511858, 0.5985183119773865, -0.010854844935238361, -0.00020831461006309837, 0.8010355234146118, -0.1877335160970688, -0.1369626373052597, 9.849486351013184, 0.410967618227005, 0.4235953986644745, -0.8245478272438049, 1.576171875, -0.56005859375, -1.22412109375, 0, 
11, 1650520191, 0.5985139608383179, -0.01086156815290451, -0.00019910944683942944, 0.8010386824607849, -0.1923038810491562, -0.12938734889030457, 9.86055850982666, 0.3455488383769989, 0.47871723771095276, -0.6849501729011536, 1.576171875, -0.56103515625, -1.22412109375, 0, 
12, 1650528524, 0.5985049605369568, -0.010856268927454948, -0.0001994685735553503, 0.8010454773902893, -0.17967940866947174, -0.1411398947238922, 9.851288795471191, 0.3344578146934509, 0.26240500807762146, -0.7196062803268433, 1.5751953125, -0.55859375, -1.220703125, 0, 
13, 1650536857, 0.5985064506530762, -0.010861318558454514, -0.00019764075113926083, 0.8010443449020386, -0.1731274127960205, -0.12365835160017014, 9.833306312561035, 0.28000202775001526, 0.39979982376098633, -0.7858960032463074, 1.57763671875, -0.5615234375, -1.2197265625, 0, 
14, 1650545190, 0.59850013256073, -0.01085489522665739, -0.0001915086613735184, 0.8010491132736206, -0.17538771033287048, -0.1329212784767151, 9.858756065368652, 0.41593676805496216, 0.30343905091285706, -0.7615880966186523, 1.5751953125, -0.5615234375, -1.224609375, 0, 
15, 1650553523, 0.5984998941421509, -0.010850990191102028, -0.0001975820487132296, 0.8010493516921997, -0.1793360859155655, -0.13410864770412445, 9.847719192504883, 0.2662215530872345, 0.23533077538013458, -0.7561578154563904, 1.57763671875, -0.56201171875, -1.224609375, 0, 
16, 1650561856, 0.5984888672828674, -0.010851772502064705, -0.00019928501569665968, 0.8010575175285339, -0.16868549585342407, -0.13536755740642548, 9.856932640075684, 0.269500195980072, 0.3184233605861664, -0.6866151690483093, 1.5751953125, -0.5634765625, -1.22119140625, 0, 
17, 1650570189, 0.5984886288642883, -0.010852735489606857, -0.00019625283312052488, 0.8010576963424683, -0.19467177987098694, -0.13765646517276764, 9.854865074157715, 0.3247244954109192, 0.3641960322856903, -0.7548515796661377, 1.576171875, -0.56396484375, -1.22216796875, 0, 
18, 1650578522, 0.5984802842140198, -0.010853986255824566, -0.0001933674211613834, 0.8010640740394592, -0.17230483889579773, -0.16392885148525238, 9.854586601257324, 0.3164766728878021, 0.36222368478775024, -0.7335916757583618, 1.5771484375, -0.5615234375, -1.22314453125, 0, 
19, 1650586855, 0.5984801650047302, -0.010848764330148697, -0.00019322017033118755, 0.8010642528533936, -0.1700298935174942, -0.13187669217586517, 9.83315658569336, 0.34593307971954346, 0.27277883887290955, -0.7571824789047241, 1.5751953125, -0.5615234375, -1.22265625, 0, 
20, 1650595188, 0.5984781384468079, -0.010843195021152496, -0.00018650750280357897, 0.8010658025741577, -0.17961525917053223, -0.13186997175216675, 9.842240333557129, 0.4159879684448242, 0.31888440251350403, -0.8385074734687805, 1.576171875, -0.5654296875, -1.224609375, 0, 
21, 1650603521, 0.5984765291213989, -0.010844344273209572, -0.0001864292280515656, 0.8010669946670532, -0.19472184777259827, -0.13184835016727448, 9.845773696899414, 0.29221999645233154, 0.3405027985572815, -0.7322341203689575, 1.5751953125, -0.56396484375, -1.2197265625, 0, 
22, 1650611854, 0.5984620451927185, -0.010847985744476318, -0.00018842054123524576, 0.8010777831077576, -0.18214714527130127, -0.13639040291309357, 9.838456153869629, 0.24250277876853943, 0.3486737608909607, -0.6323642730712891, 1.57568359375, -0.56201171875, -1.220703125, 0, 
23, 1650620187, 0.5984634757041931, -0.010853313840925694, -0.00019983240053988993, 0.8010766506195068, -0.17931461334228516, -0.12684136629104614, 9.842290878295898, 0.13095277547836304, 0.29232242703437805, -0.7857422232627869, 1.576171875, -0.5634765625, -1.2216796875, 0, 
24, 1650628520, 0.5984596610069275, -0.010854478925466537, -0.0002064718573819846, 0.801079511642456, -0.17731161415576935, -0.14111098647117615, 9.83292007446289, 0.2131744921207428, 0.2841259241104126, -0.8149937391281128, 1.57763671875, -0.56103515625, -1.2216796875, 0, 
25, 1650636853, 0.5984596610069275, -0.010845806449651718, -0.0002033877099165693, 0.8010795712471008, -0.18193255364894867, -0.1323419064283371, 9.865981101989746, 0.4052555561065674, 0.2574102580547333, -0.7587192058563232, 1.5751953125, -0.56298828125, -1.22216796875, 0, 
26, 1650645186, 0.5984542965888977, -0.010845785029232502, -0.00019789468205999583, 0.8010836243629456, -0.199914813041687, -0.1466905027627945, 9.843635559082031, 0.35584571957588196, 0.3698823153972626, -0.7792874574661255, 1.57470703125, -0.56201171875, -1.2236328125, 0, 
27, 1650653519, 0.5984539985656738, -0.010849343612790108, -0.0001963992981472984, 0.8010838031768799, -0.1877049058675766, -0.14789217710494995, 9.862003326416016, 0.2883778512477875, 0.379974365234375, -0.7549283504486084, 1.57568359375, -0.56298828125, -1.22265625, 0, 
28, 1650661852, 0.5984443426132202, -0.01084450539201498, -0.00019269963377155364, 0.8010910749435425, -0.18078094720840454, -0.14892934262752533, 9.852883338928223, 0.37480029463768005, 0.3007751405239105, -0.7092837691307068, 1.57373046875, -0.5615234375, -1.2236328125, 0, 
29, 1650670185, 0.5984406471252441, -0.010841918177902699, -0.00019576551858335733, 0.8010939359664917, -0.1905805915594101, -0.13746358454227448, 9.83651065826416, 0.288301020860672, 0.27454614639282227, -0.696732759475708, 1.5732421875, -0.56201171875, -1.22314453125, 0, 
30, 1650678518, 0.5984339714050293, -0.010848288424313068, -0.00019697537936735898, 0.801098644733429, -0.17663945257663727, -0.12543940544128418, 9.827655792236328, 0.2292858213186264, 0.3856094777584076, -0.7649434804916382, 1.5771484375, -0.56103515625, -1.220703125, 0, 
31, 1650686851, 0.5984403491020203, -0.010847177356481552, -0.00019665305444505066, 0.8010938763618469, -0.1714034080505371, -0.13808545470237732, 9.847626686096191, 0.31450435519218445, 0.3190636932849884, -0.8700386881828308, 1.57470703125, -0.56298828125, -1.2216796875, 0, 
32, 1650695184, 0.5984405875205994, -0.010848673060536385, -0.00019751068612094969, 0.8010936975479126, -0.18639592826366425, -0.14778488874435425, 9.8766450881958, 0.27487921714782715, 0.33481651544570923, -0.8766472935676575, 1.57470703125, -0.56298828125, -1.22314453125, 0, 
33, 1650703517, 0.598436713218689, -0.01085369847714901, -0.00019771353981923312, 0.8010964393615723, -0.1503456085920334, -0.13456644117832184, 9.840516090393066, 0.25694918632507324, 0.380589097738266, -0.6943762302398682, 1.578125, -0.5625, -1.224609375, 0, 
34, 1650711850, 0.5984293222427368, -0.010856963694095612, -0.00020444967958610505, 0.8011020421981812, -0.1843073070049286, -0.12459537386894226, 9.853219985961914, 0.1945272833108902, 0.3061797320842743, -0.7526229619979858, 1.5732421875, -0.55908203125, -1.22412109375, 0, 
35, 1650720183, 0.5984318256378174, -0.010859866626560688, -0.00020203915482852608, 0.8011001348495483, -0.18440012633800507, -0.13345754146575928, 9.851245880126953, 0.3032597303390503, 0.38064032793045044, -0.8023915886878967, 1.572265625, -0.5634765625, -1.22216796875, 0, 
36, 1650728516, 0.5984193682670593, -0.010861331596970558, -0.00019537475600373, 0.8011093735694885, -0.19045129418373108, -0.1352742314338684, 9.863977432250977, 0.3565373718738556, 0.39354994893074036, -0.6594128608703613, 1.57421875, -0.5625, -1.2216796875, 0, 
37, 1650736849, 0.5984218716621399, -0.010861440561711788, -0.00018784428539220244, 0.8011074662208557, -0.19372780621051788, -0.10333734005689621, 9.838807106018066, 0.38179299235343933, 0.39185938239097595, -0.8019816875457764, 1.57373046875, -0.5595703125, -1.2236328125, 0, 
38, 1650745182, 0.5984174609184265, -0.010858217254281044, -0.0001836419542087242, 0.8011108636856079, -0.18129616975784302, -0.11179196089506149, 9.85708236694336, 0.36985671520233154, 0.3243914544582367, -0.7976272702217102, 1.572265625, -0.5634765625, -1.22265625, 0, 
39, 1650753515, 0.5984184145927429, -0.010859275236725807, -0.0001863772195065394, 0.8011101484298706, -0.1824401468038559, -0.13849301636219025, 9.838327407836914, 0.26166221499443054, 0.3173987865447998, -0.7785189747810364, 1.57421875, -0.56298828125, -1.22021484375, 0, 
40, 1650761848, 0.5984148979187012, -0.010858198627829552, -0.00018999380699824542, 0.8011128306388855, -0.17053093016147614, -0.12880839407444, 9.855058670043945, 0.26409557461738586, 0.2833062410354614, -0.8164536952972412, 1.57568359375, -0.5615234375, -1.2236328125, 0, 
41, 1650770181, 0.5984140634536743, -0.010856074281036854, -0.0001891932188300416, 0.801113486289978, -0.1760883778333664, -0.1377992182970047, 9.854865074157715, 0.3272090256214142, 0.3117380142211914, -0.7454255223274231, 1.576171875, -0.56396484375, -1.22119140625, 0, 
42, 1650778514, 0.5984095931053162, -0.010858881287276745, -0.00019537631305865943, 0.8011167645454407, -0.18892088532447815, -0.15069609880447388, 9.860051155090332, 0.204593688249588, 0.3050270974636078, -0.7968587875366211, 1.5771484375, -0.5595703125, -1.22509765625, 0, 
43, 1650786847, 0.598411500453949, -0.01086181215941906, -0.00019979588978458196, 0.8011153340339661, -0.1643437147140503, -0.12920179963111877, 9.849600791931152, 0.22721107304096222, 0.32341811060905457, -0.7933240532875061, 1.57470703125, -0.56494140625, -1.22021484375, 0, 
44, 1650795180, 0.5984037518501282, -0.010864795185625553, -0.00020066350407432765, 0.8011210560798645, -0.17884968221187592, -0.14394381642341614, 9.841911315917969, 0.26250749826431274, 0.3515169620513916, -0.7372289896011353, 1.578125, -0.5634765625, -1.22216796875, 0, 
45, 1650803513, 0.5984066128730774, -0.010867279022932053, -0.00020673920516856015, 0.8011188507080078, -0.1785707175731659, -0.118129201233387, 9.85696792602539, 0.2128414809703827, 0.30528324842453003, -0.8099732995033264, 1.57373046875, -0.56201171875, -1.220703125, 0, 
46, 1650811846, 0.5983978509902954, -0.010860269889235497, -0.0002027832524618134, 0.8011255264282227, -0.18209707736968994, -0.13065382838249207, 9.847569465637207, 0.39657238125801086, 0.2800532281398773, -0.7240887880325317, 1.57373046875, -0.56201171875, -1.22314453125, 0, 
47, 1650820179, 0.5983983278274536, -0.010867318138480186, -0.00020295869035180658, 0.8011250495910645, -0.1933484971523285, -0.1341944932937622, 9.849249839782715, 0.2403767704963684, 0.40382120013237, -0.7697333097457886, 1.57470703125, -0.5615234375, -1.220703125, 0, 
48, 1650828512, 0.5983915328979492, -0.010866353288292885, -0.00020436494378373027, 0.8011301159858704, -0.17067371308803558, -0.12032482773065567, 9.858820915222168, 0.2880704998970032, 0.3029523193836212, -0.7571823596954346, 1.57373046875, -0.56201171875, -1.22412109375, 0, 
49, 1650836845, 0.5983885526657104, -0.010869142599403858, -0.00020255031995475292, 0.8011322617530823, -0.19074486196041107, -0.1354319304227829, 9.865723609924316, 0.2980600595474243, 0.3732890784740448, -0.7106925845146179, 1.57666015625, -0.5625, -1.22412109375, 0, 
50, 1650845178, 0.5983803868293762, -0.01086501870304346, -0.0001953071914613247, 0.8011384010314941, -0.18275514245033264, -0.161883145570755, 9.845237731933594, 0.40861111879348755, 0.33942708373069763, -0.7333868145942688, 1.5751953125, -0.56201171875, -1.22265625, 0, 
51, 1650853511, 0.5983770489692688, -0.010868736542761326, -0.0001956089836312458, 0.8011408448219299, -0.17010176181793213, -0.11860844492912292, 9.840523719787598, 0.2669643461704254, 0.36609145998954773, -0.7026752829551697, 1.57666015625, -0.5615234375, -1.2265625, 0, 
52, 1650861844, 0.5983670353889465, -0.01086878776550293, -0.0001894594170153141, 0.8011483550071716, -0.1756523698568344, -0.13325746357440948, 9.851223945617676, 0.36191630363464355, 0.3744160532951355, -0.7038279175758362, 1.57421875, -0.5634765625, -1.22265625, 0, 
53, 1650870177, 0.598365068435669, -0.010867669247090816, -0.0001855439186329022, 0.801149845123291, -0.18136748671531677, -0.14606820046901703, 9.871116638183594, 0.35272082686424255, 0.34818708896636963, -0.7253695130348206, 1.57275390625, -0.56201171875, -1.22412109375, 0, 
54, 1650878510, 0.5983566045761108, -0.010867031291127205, -0.00019370077643543482, 0.8011561632156372, -0.17688961327075958, -0.13071796298027039, 9.869549751281738, 0.21025443077087402, 0.25044316053390503, -0.7316961884498596, 1.57763671875, -0.5615234375, -1.224609375, 0, 
55, 1650886843, 0.5983599424362183, -0.010859317146241665, -0.00018218206241726875, 0.801153838634491, -0.20045126974582672, -0.14397242665290833, 9.85814094543457, 0.4926513731479645, 0.33835121989250183, -0.814993679523468, 1.5751953125, -0.5615234375, -1.2236328125, 0, 
56, 1650895176, 0.5983591675758362, -0.01085794810205698, -0.00018662435468286276, 0.8011544346809387, -0.1818680614233017, -0.11710619926452637, 9.871545791625977, 0.2579737603664398, 0.27359843254089355, -0.8575645685195923, 1.57373046875, -0.56005859375, -1.22412109375, 0, 
57, 1650903509, 0.5983632802963257, -0.010852063074707985, -0.0001840132026700303, 0.8011514544487, -0.1595873087644577, -0.13032495975494385, 9.855058670043945, 0.378924161195755, 0.28550904989242554, -0.830669641494751, 1.5751953125, -0.55859375, -1.22119140625, 0, 
58, 1650911842, 0.5983587503433228, -0.010852434672415257, -0.00018106409697793424, 0.8011547923088074, -0.16053125262260437, -0.111276775598526, 9.840673446655273, 0.3250062167644501, 0.3530794382095337, -0.7910700440406799, 1.5732421875, -0.56298828125, -1.2216796875, 0, 
59, 1650920175, 0.5983607769012451, -0.010856680572032928, -0.00017421091615688056, 0.801153302192688, -0.17556670308113098, -0.11509664356708527, 9.844143867492676, 0.34155306220054626, 0.4320993721485138, -0.7936826944351196, 1.57373046875, -0.56201171875, -1.220703125, 0, 
60, 1650928508, 0.5983548164367676, -0.0108537832275033, -0.0001793941337382421, 0.8011577129364014, -0.16844944655895233, -0.12924471497535706, 9.860466003417969, 0.262942910194397, 0.2501101791858673, -0.7740621566772461, 1.5732421875, -0.5625, -1.22119140625, 0, 
61, 1650936841, 0.5983571410179138, -0.010856220498681068, -0.0001759495062287897, 0.8011559247970581, -0.18864209949970245, -0.13308601081371307, 9.845566749572754, 0.31793665885925293, 0.38253575563430786, -0.800726592540741, 1.57373046875, -0.56298828125, -1.22021484375, 0, 
62, 1650945174, 0.598354697227478, -0.010859080590307713, -0.00016607186989858747, 0.8011577129364014, -0.17208309471607208, -0.14849302172660828, 9.845495223999023, 0.3826126158237457, 0.43811866641044617, -0.8311562538146973, 1.57470703125, -0.5625, -1.22314453125, 0, 
63, 1650953507, 0.5983506441116333, -0.010866457596421242, -0.00016966690600384027, 0.8011606335639954, -0.1717182993888855, -0.12596872448921204, 9.847655296325684, 0.19941963255405426, 0.3794364631175995, -0.6914818286895752, 1.57421875, -0.564453125, -1.22265625, 0, 
64, 1650961840, 0.5983455777168274, -0.010859735310077667, -0.00016980725922621787, 0.8011645078659058, -0.1744510382413864, -0.11665596812963486, 9.849586486816406, 0.3499288558959961, 0.2502382695674896, -0.7851274609565735, 1.57421875, -0.56201171875, -1.22509765625, 0, 
65, 1650970173, 0.5983473062515259, -0.010861567221581936, -0.00017756843590177596, 0.8011631965637207, -0.17412881553173065, -0.13261370360851288, 9.847526550292969, 0.20005998015403748, 0.2850736081600189, -0.7905576825141907, 1.57421875, -0.5625, -1.2236328125, 0, 
66, 1650978506, 0.5983374714851379, -0.010870391502976418, -0.00018317987269256264, 0.8011704683303833, -0.1887778341770172, -0.14199107885360718, 9.843570709228516, 0.160204216837883, 0.3754918575286865, -0.7048268914222717, 1.576171875, -0.560546875, -1.22314453125, 0, 
67, 1650986839, 0.5983379483222961, -0.010878545232117176, -0.00018406190793029964, 0.8011699914932251, -0.1763245165348053, -0.14686891436576843, 9.84912109375, 0.22380439937114716, 0.4099942743778229, -0.7698615193367004, 1.5751953125, -0.5625, -1.22216796875, 0, 
68, 1650995172, 0.598331093788147, -0.010879389941692352, -0.0001901171781355515, 0.8011751174926758, -0.1590506136417389, -0.134895458817482, 9.851288795471191, 0.2228822261095047, 0.2836135923862457, -0.7527511119842529, 1.5791015625, -0.56103515625, -1.22265625, 0, 
69, 1651003505, 0.5983272194862366, -0.01087882835417986, -0.0001961217785719782, 0.8011780381202698, -0.17775510251522064, -0.1314690113067627, 9.838335037231445, 0.23755918443202972, 0.271984726190567, -0.6953751444816589, 1.5771484375, -0.5595703125, -1.2216796875, 0, 
70, 1651011838, 0.5983195900917053, -0.01087808795273304, -0.00019301573047414422, 0.8011837601661682, -0.1857089400291443, -0.12792827188968658, 9.849292755126953, 0.3364045023918152, 0.3431154787540436, -0.7386120557785034, 1.5751953125, -0.5615234375, -1.22216796875, 0, 
71, 1651020171, 0.5983173251152039, -0.010878987610340118, -0.0001920919312397018, 0.8011854887008667, -0.18108852207660675, -0.1201033890247345, 9.860444068908691, 0.3034902513027191, 0.34560003876686096, -0.7207332849502563, 1.576171875, -0.560546875, -1.22314453125, 0, 
72, 1651028504, 0.5983077883720398, -0.010880529880523682, -0.00019910195260308683, 0.8011925220489502, -0.1773332804441452, -0.13029618561267853, 9.845666885375977, 0.20461930334568024, 0.28292205929756165, -0.7085666060447693, 1.5732421875, -0.5615234375, -1.220703125, 0, 
73, 1651036837, 0.5983123183250427, -0.01088002324104309, -0.00019894493743777275, 0.8011891841888428, -0.18096676468849182, -0.14116832613945007, 9.847297668457031, 0.30779343843460083, 0.3235718011856079, -0.8372780680656433, 1.57568359375, -0.56103515625, -1.22021484375, 0, 
74, 1651045170, 0.5983055233955383, -0.01087714172899723, -0.00019832643738482147, 0.8011942505836487, -0.16562408208847046, -0.12365835160017014, 9.849535942077637, 0.3258770704269409, 0.29872599244117737, -0.7537500858306885, 1.57470703125, -0.56103515625, -1.2236328125, 0, 
75, 1651053503, 0.5983054041862488, -0.010876817628741264, -0.00020481976389419287, 0.8011943697929382, -0.15658289194107056, -0.13207724690437317, 9.85499382019043, 0.2313861846923828, 0.2707040309906006, -0.7609732747077942, 1.576171875, -0.56298828125, -1.22119140625, 0, 
76, 1651061836, 0.5982954502105713, -0.01087658666074276, -0.00020554733055178076, 0.8012017607688904, -0.1716107428073883, -0.1323702335357666, 9.856667518615723, 0.28917187452316284, 0.31565701961517334, -0.6980646848678589, 1.5732421875, -0.56201171875, -1.220703125, 0, 
77, 1651070169, 0.5982906222343445, -0.010878494940698147, -0.0002060327969957143, 0.8012053370475769, -0.15998049080371857, -0.15319958329200745, 9.836332321166992, 0.2786701023578644, 0.344806045293808, -0.6782137155532837, 1.57666015625, -0.5615234375, -1.22314453125, 0, 
78, 1651078502, 0.5982850790023804, -0.0108811529353261, -0.0002108623884851113, 0.8012094497680664, -0.18553043901920319, -0.12465259432792664, 9.8474760055542, 0.22073066234588623, 0.314888596534729, -0.7771358489990234, 1.57470703125, -0.56494140625, -1.2216796875, 0, 
79, 1651086835, 0.5982843041419983, -0.01088474877178669, -0.0002204499760409817, 0.8012099862098694, -0.1689574420452118, -0.14032475650310516, 9.858406066894531, 0.16537828743457794, 0.288941353559494, -0.7481149435043335, 1.572265625, -0.5615234375, -1.2216796875, 0, 
80, 1651095168, 0.5982783436775208, -0.010878578759729862, -0.00021924123575445265, 0.8012145161628723, -0.17861364781856537, -0.1367623507976532, 9.854686737060547, 0.35940617322921753, 0.2667594850063324, -0.7701689004898071, 1.57470703125, -0.56103515625, -1.2236328125, 0, 
81, 1651103501, 0.5982776880264282, -0.010876988060772419, -0.00021652049326803535, 0.8012150526046753, -0.18303409218788147, -0.12923040986061096, 9.863905906677246, 0.34485724568367004, 0.3319220244884491, -0.7484991550445557, 1.57568359375, -0.55908203125, -1.2265625, 0, 
82, 1651111834, 0.5982727408409119, -0.010876567102968693, -0.000220062822336331, 0.8012186884880066, -0.1829339563846588, -0.1376350075006485, 9.845466613769531, 0.2606120705604553, 0.2911441922187805, -0.7853068113327026, 1.57763671875, -0.5615234375, -1.22314453125, 0, 
83, 1651120167, 0.5982733368873596, -0.010872851125895977, -0.00021266753901727498, 0.8012182712554932, -0.18917839229106903, -0.12832915782928467, 9.84369945526123, 0.4118640720844269, 0.34818708896636963, -0.7693235278129578, 1.57421875, -0.56396484375, -1.22314453125, 0, 
84, 1651128500, 0.5982687473297119, -0.010868680663406849, -0.00021067036141175777, 0.8012217283248901, -0.16750527918338776, -0.134316086769104, 9.852991104125977, 0.35238781571388245, 0.296267032623291, -0.7897124290466309, 1.57861328125, -0.56396484375, -1.2236328125, 0, 
85, 1651136833, 0.5982685685157776, -0.010868956334888935, -0.0002008604642469436, 0.8012218475341797, -0.1698082834482193, -0.1282145082950592, 9.83839225769043, 0.40558865666389465, 0.4119153320789337, -0.7557992935180664, 1.57568359375, -0.56494140625, -1.2216796875, 0, 
86, 1651145166, 0.5982601642608643, -0.010868685320019722, -0.0001968772558029741, 0.8012283444404602, -0.16475142538547516, -0.13495269417762756, 9.852997779846191, 0.34268003702163696, 0.35302817821502686, -0.7254207134246826, 1.57568359375, -0.56005859375, -1.22265625, 0, 
87, 1651153499, 0.5982606410980225, -0.010865990072488785, -0.0001894085726235062, 0.8012280464172363, -0.1876474767923355, -0.12247078120708466, 9.845616340637207, 0.4050251245498657, 0.361173540353775, -0.7676330804824829, 1.57568359375, -0.56201171875, -1.22265625, 0, 
88, 1651161832, 0.5982505083084106, -0.010863021947443485, -0.00018634933803696185, 0.8012354373931885, -0.17980101704597473, -0.14917969703674316, 9.85447883605957, 0.35310500860214233, 0.3152984380722046, -0.6928138136863708, 1.578125, -0.56103515625, -1.224609375, 0, 
89, 1651170165, 0.5982520580291748, -0.010857741348445415, -0.0001867415994638577, 0.8012343645095825, -0.17816300690174103, -0.15214097499847412, 9.845287322998047, 0.339811235666275, 0.2681169807910919, -0.7866899967193604, 1.5751953125, -0.5595703125, -1.22265625, 0, 
90, 1651178498, 0.5982486009597778, -0.01086355373263359, -0.00018959719454869628, 0.8012368083000183, -0.18462203443050385, -0.13920147716999054, 9.852725982666016, 0.21658115088939667, 0.3657328486442566, -0.8080010414123535, 1.5751953125, -0.560546875, -1.22412109375, 0, 
91, 1651186831, 0.5982480645179749, -0.01085655391216278, -0.00018817634554579854, 0.8012372851371765, -0.1868036538362503, -0.14071787893772125, 9.845352172851562, 0.3741855323314667, 0.2620464265346527, -0.7504457235336304, 1.57373046875, -0.56298828125, -1.22265625, 0, 
92, 1651195164, 0.5982446670532227, -0.010855542495846748, -0.00018741415988188237, 0.8012399673461914, -0.1727338284254074, -0.13021732866764069, 9.829164505004883, 0.31263455748558044, 0.3201907277107239, -0.8094354271888733, 1.57666015625, -0.5615234375, -1.2216796875, 0, 
93, 1651203497, 0.5982452630996704, -0.010855553671717644, -0.00018505124899093062, 0.8012394905090332, -0.17110314965248108, -0.1390441209077835, 9.841876029968262, 0.3266199231147766, 0.3480846583843231, -0.7714495658874512, 1.57568359375, -0.56396484375, -1.21923828125, 0, 
94, 1651211830, 0.5982369184494019, -0.010851521044969559, -0.00018275064940098673, 0.8012458086013794, -0.18831290304660797, -0.12998145818710327, 9.830817222595215, 0.3552822470664978, 0.29757338762283325, -0.7240889072418213, 1.57470703125, -0.5615234375, -1.22216796875, 0, 
95, 1651220163, 0.5982351303100586, -0.01084903534501791, -0.00018369298777543008, 0.8012471199035645, -0.16523811221122742, -0.12501052021980286, 9.843950271606445, 0.3094584047794342, 0.29337266087532043, -0.7293140888214111, 1.5751953125, -0.5595703125, -1.220703125, 0, 
96, 1651228496, 0.5982272624969482, -0.010851658880710602, -0.0001835453585954383, 0.8012530207633972, -0.16932210326194763, -0.12669114768505096, 9.853048324584961, 0.2754170596599579, 0.3549748659133911, -0.7356151938438416, 1.57568359375, -0.564453125, -1.22314453125, 0, 
97, 1651236829, 0.5982264876365662, -0.010856910608708858, -0.0001898520567920059, 0.8012535572052002, -0.19324852526187897, -0.13841499388217926, 9.861767768859863, 0.18902023136615753, 0.33356136083602905, -0.74775630235672, 1.57666015625, -0.56396484375, -1.2236328125, 0, 
98, 1651245162, 0.5982193350791931, -0.010859696194529533, -0.0001988207222893834, 0.80125892162323, -0.16935071349143982, -0.14608965814113617, 9.845444679260254, 0.17375414073467255, 0.2807960510253906, -0.7498310208320618, 1.57666015625, -0.56103515625, -1.22265625, 0, 
99, 1651253495, 0.5982200503349304, -0.010858631692826748, -0.00020508765010163188, 0.801258385181427, -0.17760509252548218, -0.1333647519350052, 9.845523834228516, 0.23981325328350067, 0.26596540212631226, -0.7757526636123657, 1.57470703125, -0.56103515625, -1.2236328125, 0, 
100, 1651261828, 0.5982145071029663, -0.01085875928401947, -0.00021051254589110613, 0.8012624979019165, -0.16573137044906616, -0.1216484010219574, 9.854972839355469, 0.2361760437488556, 0.28061676025390625, -0.770783543586731, 1.57373046875, -0.56298828125, -1.2216796875, 0, 
101, 1651270161, 0.5982143878936768, -0.010854705236852169, -0.00022009456006344408, 0.8012626767158508, -0.15826380252838135, -0.1280716508626938, 9.834822654724121, 0.22787705063819885, 0.2049010545015335, -0.7581813335418701, 1.576171875, -0.56201171875, -1.22216796875, 0, 
102, 1651278494, 0.5982077121734619, -0.010853378102183342, -0.00022033012646716088, 0.8012676239013672, -0.1903514564037323, -0.11453847587108612, 9.841954231262207, 0.3044123649597168, 0.30822888016700745, -0.7603585720062256, 1.5791015625, -0.56103515625, -1.22119140625, 0, 
103, 1651286827, 0.5982105135917664, -0.010851590894162655, -0.00022418781009037048, 0.8012655973434448, -0.1904018074274063, -0.12136972695589066, 9.8363676071167, 0.27257388830184937, 0.2766977846622467, -0.8083084225654602, 1.572265625, -0.56396484375, -1.22265625, 0, 
104, 1651295160, 0.5982066988945007, -0.01084850449115038, -0.00023158747353591025, 0.801268458366394, -0.18101699650287628, -0.13910134136676788, 9.850894927978516, 0.24070976674556732, 0.23005427420139313, -0.7989848256111145, 1.57763671875, -0.5595703125, -1.22314453125, 0, 
105, 1651303493, 0.5982024073600769, -0.010850063525140285, -0.00023218280693981797, 0.8012716770172119, -0.18324892222881317, -0.1408827006816864, 9.865487098693848, 0.280335009098053, 0.34004178643226624, -0.6881520748138428, 1.57421875, -0.5625, -1.2236328125, 0, 
106, 1651311826, 0.5981995463371277, -0.010844847187399864, -0.0002292550343554467, 0.8012738823890686, -0.1657029688358307, -0.12465275824069977, 9.834773063659668, 0.3706763982772827, 0.2919894754886627, -0.8141996264457703, 1.57568359375, -0.5625, -1.2236328125, 0, 
107, 1651320159, 0.5981989502906799, -0.010843856260180473, -0.00022981771326158196, 0.8012743592262268, -0.1743505448102951, -0.15038852393627167, 9.852640151977539, 0.30256813764572144, 0.3130187690258026, -0.7488834261894226, 1.57568359375, -0.56494140625, -1.2236328125, 0, 
108, 1651328492, 0.5981926321983337, -0.010838004760444164, -0.00022897320741321892, 0.8012790679931641, -0.1776837706565857, -0.128229022026062, 9.862053871154785, 0.35448819398880005, 0.26668259501457214, -0.7603329420089722, 1.57373046875, -0.56201171875, -1.22314453125, 0, 
109, 1651336825, 0.5981886386871338, -0.010835726745426655, -0.00022321080905385315, 0.8012821078300476, -0.1501167118549347, -0.1336723268032074, 9.847640991210938, 0.3817673325538635, 0.3504667580127716, -0.6907902956008911, 1.57666015625, -0.56103515625, -1.22021484375, 0, 
110, 1651345158, 0.5981799364089966, -0.010833858512341976, -0.00021082715829834342, 0.8012886047363281, -0.1812029778957367, -0.10330136120319366, 9.845845222473145, 0.4480057656764984, 0.4045640230178833, -0.7195806503295898, 1.57470703125, -0.56005859375, -1.22265625, 0, 
111, 1651353491, 0.5981805920600891, -0.0108298659324646, -0.00020915216009598225, 0.8012881875038147, -0.18252624571323395, -0.1264837235212326, 9.841861724853516, 0.35059481859207153, 0.2978038787841797, -0.7700151205062866, 1.57421875, -0.55908203125, -1.22119140625, 0, 
112, 1651361824, 0.5981792211532593, -0.010822909884154797, -0.00020689278608188033, 0.8012893199920654, -0.178420290350914, -0.14216262102127075, 9.830717086791992, 0.379564493894577, 0.2677071690559387, -0.8388917446136475, 1.5712890625, -0.5615234375, -1.22119140625, 0, 
113, 1651370157, 0.5981764197349548, -0.010818135924637318, -0.00020616392430383712, 0.8012915253639221, -0.17252656817436218, -0.12713463604450226, 9.8657808303833, 0.3473674952983856, 0.2809754014015198, -0.7111024856567383, 1.57666015625, -0.56298828125, -1.22265625, 0, 
114, 1651378490, 0.5981694459915161, -0.010819799266755581, -0.00020675989799201488, 0.801296591758728, -0.18686802685260773, -0.13998828828334808, 9.856281280517578, 0.27577564120292664, 0.33868423104286194, -0.7489089369773865, 1.576171875, -0.56494140625, -1.2236328125, 0, 
115, 1651386823, 0.5981640219688416, -0.010820931755006313, -0.00021183832723181695, 0.801300585269928, -0.17498715221881866, -0.12611177563667297, 9.845609664916992, 0.2335633933544159, 0.29790636897087097, -0.6690694093704224, 1.57373046875, -0.5595703125, -1.22314453125, 0, 
116, 1651395156, 0.5981552004814148, -0.01081856805831194, -0.00021246171672828496, 0.8013072609901428, -0.18666774034500122, -0.12467405200004578, 9.863805770874023, 0.309407114982605, 0.29329580068588257, -0.7194781303405762, 1.5751953125, -0.55908203125, -1.22216796875, 0, 
117, 1651403489, 0.5981568694114685, -0.010818498209118843, -0.00021485789329744875, 0.8013060092926025, -0.1648801863193512, -0.12110478430986404, 9.836639404296875, 0.2750840485095978, 0.30774223804473877, -0.790096640586853, 1.5732421875, -0.560546875, -1.22509765625, 0, 
118, 1651411822, 0.5981539487838745, -0.010820066556334496, -0.00021697793272323906, 0.8013082146644592, -0.17206136882305145, -0.13769903779029846, 9.850980758666992, 0.26009973883628845, 0.3239560127258301, -0.8130469918251038, 1.5732421875, -0.56396484375, -1.2216796875, 0, 
119, 1651420155, 0.5981543660163879, -0.010823003947734833, -0.00021308338909875602, 0.8013078570365906, -0.1819608509540558, -0.13041023910045624, 9.84912109375, 0.3189612329006195, 0.3922179639339447, -0.7663522362709045, 1.576171875, -0.56005859375, -1.22265625, 0, 
120, 1651428488, 0.598145067691803, -0.010824956931173801, -0.00021227959950920194, 0.8013147711753845, -0.16187599301338196, -0.14003120362758636, 9.847404479980469, 0.28835225105285645, 0.35346367955207825, -0.7110256552696228, 1.5751953125, -0.56201171875, -1.2216796875, 0, 
121, 1651436821, 0.5981456637382507, -0.010831424966454506, -0.00021688338893000036, 0.8013142943382263, -0.17550912499427795, -0.13673338294029236, 9.861939430236816, 0.19667892158031464, 0.3616602122783661, -0.7722179293632507, 1.5771484375, -0.5634765625, -1.2236328125, 0, 
122, 1651445154, 0.5981420278549194, -0.01082625426352024, -0.0002177228161599487, 0.8013169765472412, -0.1746649146080017, -0.1311327964067459, 9.880329132080078, 0.3303851783275604, 0.25989484786987305, -0.8064384460449219, 1.5732421875, -0.56005859375, -1.22216796875, 0, 
123, 1651453487, 0.5981441736221313, -0.010833239182829857, -0.00022237736266106367, 0.8013152480125427, -0.1827124059200287, -0.11799368262290955, 9.863913536071777, 0.19178657233715057, 0.3682430386543274, -0.7984468936920166, 1.578125, -0.56103515625, -1.2216796875, 0, 
124, 1651461820, 0.5981375575065613, -0.010832215659320354, -0.00022911830455996096, 0.8013201951980591, -0.17320609092712402, -0.13557498157024384, 9.860143661499023, 0.23007988929748535, 0.2573077976703644, -0.7545953392982483, 1.5751953125, -0.56201171875, -1.22509765625, 0, 
125, 1651470153, 0.5981360673904419, -0.010828708298504353, -0.00021845447190571576, 0.8013213276863098, -0.17575228214263916, -0.1185009628534317, 9.82918643951416, 0.44698119163513184, 0.37687504291534424, -0.7328232526779175, 1.57421875, -0.5615234375, -1.22705078125, 0, 
126, 1651478486, 0.5981292128562927, -0.010821737349033356, -0.00022261244885157794, 0.80132657289505, -0.18854893743991852, -0.13513150811195374, 9.845294952392578, 0.3081008791923523, 0.21481379866600037, -0.7511119246482849, 1.5751953125, -0.5595703125, -1.22021484375, 0, 
127, 1651486819, 0.5981312394142151, -0.010817406699061394, -0.00021818256936967373, 0.8013251423835754, -0.16666124761104584, -0.1372988224029541, 9.840051651000977, 0.38473862409591675, 0.31680965423583984, -0.7926581501960754, 1.57275390625, -0.56103515625, -1.22412109375, 0, 
128, 1651495152, 0.5981253981590271, -0.010814930312335491, -0.00021804693096783012, 0.8013295531272888, -0.1631062775850296, -0.14010272920131683, 9.827240943908691, 0.317808598279953, 0.29706108570098877, -0.7636883854866028, 1.5771484375, -0.56298828125, -1.2236328125, 0, 
129, 1651503485, 0.5981247425079346, -0.010814820416271687, -0.0002195406414102763, 0.801330029964447, -0.1782202422618866, -0.14804954826831818, 9.859929084777832, 0.28448453545570374, 0.3159131705760956, -0.7490114569664001, 1.5751953125, -0.5615234375, -1.22021484375, 0, 
130, 1651511818, 0.5981191396713257, -0.010812755674123764, -0.0002218094014097005, 0.8013342618942261, -0.16741229593753815, -0.15072470903396606, 9.852697372436523, 0.2886084020137787, 0.2833062410354614, -0.7704761624336243, 1.57470703125, -0.560546875, -1.22216796875, 0, 
131, 1651520151, 0.5981226563453674, -0.010807939805090427, -0.000220361165702343, 0.8013317584991455, -0.17555221915245056, -0.14344310760498047, 9.860008239746094, 0.35607632994651794, 0.28678980469703674, -0.8192457556724548, 1.57568359375, -0.560546875, -1.22314453125, 0, 
132, 1651528484, 0.5981132388114929, -0.01080704852938652, -0.00022776221157982945, 0.8013387322425842, -0.18752607703208923, -0.12875832617282867, 9.85452938079834, 0.22170400619506836, 0.25351691246032715, -0.705544114112854, 1.57666015625, -0.56103515625, -1.21875, 0, 
133, 1651536817, 0.598112940788269, -0.01080646738409996, -0.00022541549697052687, 0.8013389706611633, -0.16813471913337708, -0.118343785405159, 9.851238250732422, 0.33146101236343384, 0.34162983298301697, -0.7551076412200928, 1.57568359375, -0.56103515625, -1.22314453125, 0, 
134, 1651545150, 0.5981017351150513, -0.01079852506518364, -0.000222841277718544, 0.8013474941253662, -0.1879338026046753, -0.13523879647254944, 9.847126007080078, 0.3886319696903229, 0.25717973709106445, -0.6699915528297424, 1.5771484375, -0.56298828125, -1.22216796875, 0, 
135, 1651553483, 0.598097562789917, -0.010793817229568958, -0.0002200611779699102, 0.8013506531715393, -0.16641804575920105, -0.1394875943660736, 9.874821662902832, 0.36977988481521606, 0.2978294789791107, -0.6878958940505981, 1.57666015625, -0.56005859375, -1.22412109375, 0, 
136, 1651561816, 0.598087728023529, -0.01078944280743599, -0.0002185613411711529, 0.8013581037521362, -0.18015895783901215, -0.12478876113891602, 9.8619966506958, 0.3486994206905365, 0.2892231047153473, -0.6979110240936279, 1.57568359375, -0.56298828125, -1.22265625, 0, 
137, 1651570149, 0.5980886816978455, -0.010783141478896141, -0.00021283054957166314, 0.8013574481010437, -0.17538078129291534, -0.11480329185724258, 9.853012084960938, 0.4143999218940735, 0.30592361092567444, -0.7744464874267578, 1.57666015625, -0.560546875, -1.22314453125, 0, 
138, 1651578482, 0.5980832576751709, -0.0107834842056036, -0.0002116176183335483, 0.8013613820075989, -0.1584000140428543, -0.13547518849372864, 9.858484268188477, 0.3070506155490875, 0.33786454796791077, -0.7733449935913086, 1.57763671875, -0.56005859375, -1.2216796875, 0, 
139, 1651586815, 0.5980830192565918, -0.010783827863633633, -0.00021304843539837748, 0.8013615608215332, -0.17145363986492157, -0.13545338809490204, 9.841839790344238, 0.28279396891593933, 0.3207799196243286, -0.7572080492973328, 1.57568359375, -0.56298828125, -1.22021484375, 0, 
140, 1651595148, 0.5980766415596008, -0.010787630453705788, -0.00022008022642694414, 0.8013662099838257, -0.18309132754802704, -0.13196280598640442, 9.84538745880127, 0.1862795054912567, 0.3086899518966675, -0.7546465992927551, 1.57373046875, -0.5634765625, -1.2216796875, 0, 
141, 1651603481, 0.5980730652809143, -0.010788509622216225, -0.00022472381533589214, 0.8013688325881958, -0.1667184680700302, -0.1401742696762085, 9.852826118469238, 0.2419392615556717, 0.29821375012397766, -0.7002163529396057, 1.5732421875, -0.560546875, -1.224609375, 0, 
142, 1651611814, 0.5980686545372009, -0.010790291242301464, -0.00022599607473239303, 0.8013721108436584, -0.18143901228904724, -0.1497662216424942, 9.859857559204102, 0.26793771982192993, 0.33379191160202026, -0.7949633598327637, 1.5771484375, -0.5625, -1.22265625, 0, 
143, 1651620147, 0.5980666875839233, -0.010792843997478485, -0.00022696421365253627, 0.8013736009597778, -0.1718255877494812, -0.12872256338596344, 9.856553077697754, 0.2688085734844208, 0.3481614887714386, -0.726035475730896, 1.57470703125, -0.56298828125, -1.2255859375, 0, 
144, 1651628480, 0.5980560779571533, -0.010793228633701801, -0.00022984802490100265, 0.8013814687728882, -0.186038076877594, -0.145402729511261, 9.84701156616211, 0.2597155272960663, 0.3051295578479767, -0.6836695075035095, 1.57177734375, -0.56103515625, -1.22265625, 0, 
145, 1651636813, 0.5980542302131653, -0.01079720351845026, -0.0002322854270460084, 0.801382839679718, -0.16582435369491577, -0.12040380388498306, 9.862217903137207, 0.24086347222328186, 0.35082536935806274, -0.7311070561408997, 1.57666015625, -0.5576171875, -1.22412109375, 0, 
146, 1651645146, 0.5980504155158997, -0.010793082416057587, -0.00023038132349029183, 0.8013857007026672, -0.1803303211927414, -0.12974542379379272, 9.847261428833008, 0.35251590609550476, 0.2964719831943512, -0.7995226979255676, 1.5751953125, -0.56298828125, -1.2236328125, 0, 
147, 1651653479, 0.5980530381202698, -0.010793983936309814, -0.00024247514375019819, 0.8013836741447449, -0.17548784613609314, -0.12920895218849182, 9.865652084350586, 0.16046036779880524, 0.23781535029411316, -0.8076936602592468, 1.578125, -0.56201171875, -1.22412109375, 0, 
148, 1651661812, 0.5980458855628967, -0.01079590991139412, -0.0002496165398042649, 0.801389217376709, -0.1654595583677292, -0.14656175673007965, 9.839943885803223, 0.20146876573562622, 0.2876606583595276, -0.7431970834732056, 1.57275390625, -0.56298828125, -1.220703125, 0, 
149, 1651670145, 0.5980486869812012, -0.010791348293423653, -0.0002526655443944037, 0.8013871908187866, -0.16002371907234192, -0.1186516284942627, 9.853148460388184, 0.3044123649597168, 0.2527484595775604, -0.8083083629608154, 1.57763671875, -0.56005859375, -1.22314453125, 0, 
150, 1651678478, 0.5980442762374878, -0.010789223946630955, -0.000247053598286584, 0.8013904690742493, -0.1792719066143036, -0.14100418984889984, 9.839822769165039, 0.3757992386817932, 0.3478541076183319, -0.7925300002098083, 1.576171875, -0.56201171875, -1.22314453125, 0, 
151, 1651686811, 0.5980477929115295, -0.01079296600073576, -0.00025141716469079256, 0.8013877868652344, -0.17475110292434692, -0.1311187595129013, 9.843656539916992, 0.22219067811965942, 0.33450907468795776, -0.8231646418571472, 1.57373046875, -0.56201171875, -1.22412109375, 0, 
152, 1651695144, 0.5980444550514221, -0.010788937099277973, -0.0002504617441445589, 0.8013902902603149, -0.18046623468399048, -0.14230580627918243, 9.865423202514648, 0.33963194489479065, 0.28804486989974976, -0.8078473210334778, 1.5751953125, -0.5615234375, -1.224609375, 0, 
153, 1651703477, 0.5980389714241028, -0.010784362442791462, -0.0002422588731860742, 0.8013944625854492, -0.17925739288330078, -0.1343303918838501, 9.856374740600586, 0.4291536808013916, 0.34352532029151917, -0.664279580116272, 1.57373046875, -0.5634765625, -1.22607421875, 0, 
154, 1651711810, 0.5980268716812134, -0.010789448395371437, -0.0002470824692863971, 0.8014034032821655, -0.17226922512054443, -0.13513895869255066, 9.850966453552246, 0.19959892332553864, 0.34122002124786377, -0.6593104004859924, 1.576171875, -0.564453125, -1.22314453125, 0, 
155, 1651720143, 0.5980250239372253, -0.010788285173475742, -0.0002555417304392904, 0.8014048337936401, -0.16866382956504822, -0.14385776221752167, 9.852747917175293, 0.21717028319835663, 0.2452947199344635, -0.7285712957382202, 1.57177734375, -0.56689453125, -1.2236328125, 0, 
156, 1651728476, 0.598015546798706, -0.010786195285618305, -0.00025339619605802, 0.8014118671417236, -0.17474395036697388, -0.1364404857158661, 9.845423698425293, 0.3365582227706909, 0.31857702136039734, -0.7060563564300537, 1.57421875, -0.56640625, -1.22314453125, 0, 
157, 1651736809, 0.5980144143104553, -0.010783668607473373, -0.0002494289365131408, 0.8014127612113953, -0.20446401834487915, -0.1355106085538864, 9.839529037475586, 0.3643753230571747, 0.3325623869895935, -0.7402001619338989, 1.5751953125, -0.5615234375, -1.224609375, 0, 
158, 1651745142, 0.5980090498924255, -0.01079205796122551, -0.00025240896502509713, 0.8014165759086609, -0.18624572455883026, -0.1490151733160019, 9.863433837890625, 0.1959104686975479, 0.3926277756690979, -0.7820793986320496, 1.5703125, -0.5625, -1.22802734375, 0, 
159, 1651753475, 0.5980129241943359, -0.010787737555801868, -0.0002556273539084941, 0.8014137744903564, -0.19318430125713348, -0.12313646823167801, 9.837984085083008, 0.2996225357055664, 0.254387766122818, -0.8280057311058044, 1.5751953125, -0.56591796875, -1.22216796875, 0, 
160, 1651761808, 0.598103940486908, -0.010808712802827358, -0.0001592878979863599, 0.8013455271720886, -0.19207529723644257, -0.11723509430885315, 9.8453950881958, 0.29099056124687195, 0.32272660732269287, -0.7719362378120422, 1.57373046875, -0.564453125, -1.2236328125, 0, 
161, 1651770141, 0.598103940486908, -0.010809420607984066, -0.00015953699767123908, 0.8013455271720886, -0.17757648229599, -0.12727053463459015, 9.861968040466309, 0.2906319200992584, 0.334150493144989, -0.7604097723960876, 1.57373046875, -0.5625, -1.22314453125, 0, 
162, 1651778474, 0.598092794418335, -0.010808158665895462, -0.00016867181693669409, 0.8013538718223572, -0.20356275141239166, -0.12807880342006683, 9.856095314025879, 0.20559266209602356, 0.23486971855163574, -0.6762670278549194, 1.57568359375, -0.56298828125, -1.2275390625, 0, 
163, 1651786807, 0.5980912446975708, -0.01080863457173109, -0.0001634437940083444, 0.8013550043106079, -0.19160319864749908, -0.12376563996076584, 9.880114555358887, 0.35500043630599976, 0.3765932619571686, -0.731875479221344, 1.5732421875, -0.56396484375, -1.22412109375, 0, 
164, 1651795140, 0.5980905890464783, -0.01080892514437437, -0.00015988711675163358, 0.8013555407524109, -0.18170367181301117, -0.1408180147409439, 9.852604866027832, 0.33335644006729126, 0.3569727838039398, -0.8501876592636108, 1.57568359375, -0.5634765625, -1.2236328125, 0, 
165, 1651803473, 0.5980919003486633, -0.01080559752881527, -0.00015591408009640872, 0.8013545870780945, -0.18808437883853912, -0.13145527243614197, 9.848949432373047, 0.3714192509651184, 0.32313641905784607, -0.7812086343765259, 1.57177734375, -0.56396484375, -1.224609375, 0, 
166, 1651811806, 0.5980868935585022, -0.010800955817103386, -0.00015412441280204803, 0.8013584613800049, -0.17527326941490173, -0.14324283599853516, 9.861817359924316, 0.35418078303337097, 0.2882753610610962, -0.7765723466873169, 1.57373046875, -0.56640625, -1.2255859375, 0, 
167, 1651820139, 0.5980848073959351, -0.010797164402902126, -0.0001502843661000952, 0.8013600707054138, -0.1888350546360016, -0.13037486374378204, 9.841632843017578, 0.3743904232978821, 0.3180135190486908, -0.7221677303314209, 1.57177734375, -0.56689453125, -1.2255859375, 0, 
168, 1651828472, 0.5980759859085083, -0.010795308277010918, -0.000155872869072482, 0.8013666868209839, -0.18091686069965363, -0.12430925667285919, 9.878419876098633, 0.249572291970253, 0.2574614882469177, -0.7168399691581726, 1.57275390625, -0.564453125, -1.22705078125, 0, 
169, 1651836805, 0.5980713367462158, -0.010794037021696568, -0.00015360000543296337, 0.8013701438903809, -0.18329159915447235, -0.11281464248895645, 9.852876663208008, 0.3343810439109802, 0.3315122425556183, -0.6797762513160706, 1.57470703125, -0.568359375, -1.22802734375, 0, 
170, 1651845138, 0.5980641841888428, -0.010796664282679558, -0.00015596994489897043, 0.8013755083084106, -0.18668919801712036, -0.12907305359840393, 9.859979629516602, 0.2494698315858841, 0.3346627950668335, -0.7426847219467163, 1.57177734375, -0.5654296875, -1.228515625, 0, 
171, 1651853471, 0.5980620384216309, -0.010803409852087498, -0.0001589317835168913, 0.80137699842453, -0.1831628531217575, -0.13210585713386536, 9.849006652832031, 0.21058742702007294, 0.3762090504169464, -0.7230641841888428, 1.57275390625, -0.56787109375, -1.22705078125, 0, 
172, 1651861804, 0.5980595946311951, -0.010799459181725979, -0.00015296635683625937, 0.8013788461685181, -0.18920700252056122, -0.13968786597251892, 9.87631607055664, 0.39616256952285767, 0.3305900990962982, -0.825239360332489, 1.56640625, -0.5654296875, -1.22412109375, 0, 
173, 1651870137, 0.5980595350265503, -0.010800612159073353, -0.00015838952094782144, 0.8013788461685181, -0.16554540395736694, -0.13581103086471558, 9.847383499145508, 0.23089951276779175, 0.2965487837791443, -0.7594107985496521, 1.57080078125, -0.56982421875, -1.2275390625, 0, 
174, 1651878470, 0.5980536341667175, -0.010800113901495934, -0.00015380883996840566, 0.8013833165168762, -0.17736904323101044, -0.134466290473938, 9.871030807495117, 0.3507997989654541, 0.35702401399612427, -0.7664291858673096, 1.572265625, -0.56591796875, -1.22900390625, 0, 
175, 1651886803, 0.598054051399231, -0.010799163021147251, -0.000150682230014354, 0.8013830780982971, -0.1668686717748642, -0.12583281099796295, 9.843807220458984, 0.342961847782135, 0.34203973412513733, -0.7649179697036743, 1.57080078125, -0.5693359375, -1.22900390625, 0, 
176, 1651895136, 0.5980474948883057, -0.01079933438450098, -0.00014977791579440236, 0.8013879656791687, -0.1675124317407608, -0.13117597997188568, 9.874878883361816, 0.30533453822135925, 0.3344835042953491, -0.753750205039978, 1.5732421875, -0.5673828125, -1.22802734375, 0, 
177, 1651903469, 0.5980494618415833, -0.010803962126374245, -0.00015019721467979252, 0.8013863563537598, -0.17537365853786469, -0.1236015185713768, 9.854693412780762, 0.2570260167121887, 0.3744417130947113, -0.7933240532875061, 1.56591796875, -0.56982421875, -1.22900390625, 0, 
178, 1651911802, 0.5980425477027893, -0.010803375393152237, -0.00015029535279609263, 0.8013916015625, -0.18852747976779938, -0.1332431584596634, 9.874549865722656, 0.30082637071609497, 0.31796231865882874, -0.7505995631217957, 1.57080078125, -0.56884765625, -1.2314453125, 0, 
179, 1651920135, 0.5980405807495117, -0.010800359770655632, -0.00015040293510537595, 0.8013930916786194, -0.17957927286624908, -0.13219884037971497, 9.858198165893555, 0.32423779368400574, 0.2921943664550781, -0.7259586453437805, 1.56982421875, -0.5693359375, -1.2294921875, 0, 
180, 1651928468, 0.5980359315872192, -0.010805390775203705, -0.00015073487884365022, 0.8013964891433716, -0.1703091859817505, -0.14227719604969025, 9.860086441040039, 0.25203126668930054, 0.3775922358036041, -0.7916591167449951, 1.56884765625, -0.56982421875, -1.22998046875, 0, 
181, 1651936801, 0.5980370044708252, -0.010798371396958828, -0.00015395756054203957, 0.8013957738876343, -0.17859965562820435, -0.129373699426651, 9.845430374145508, 0.3214714527130127, 0.22349697351455688, -0.7771357893943787, 1.57080078125, -0.56689453125, -1.2294921875, 0, 
182, 1651945134, 0.5980327725410461, -0.010797638446092606, -0.0001503659295849502, 0.8013989925384521, -0.17199726402759552, -0.12882985174655914, 9.873004913330078, 0.34306424856185913, 0.34716251492500305, -0.8026220202445984, 1.5712890625, -0.57080078125, -1.22998046875, 0, 
183, 1651953467, 0.5980334281921387, -0.010792805813252926, -0.00014601754082832485, 0.801398515701294, -0.1838638335466385, -0.11217088252305984, 9.843685150146484, 0.38809409737586975, 0.310482919216156, -0.7712957859039307, 1.5693359375, -0.568359375, -1.2353515625, 0, 
184, 1651961800, 0.5980243682861328, -0.010792109183967113, -0.00014122476568445563, 0.8014053702354431, -0.1633133888244629, -0.12892967462539673, 9.849328994750977, 0.3553078770637512, 0.3552822768688202, -0.7155848741531372, 1.568359375, -0.5673828125, -1.2333984375, 0, 
185, 1651970133, 0.5980214476585388, -0.010790885426104069, -0.00014619580178987235, 0.8014075756072998, -0.1994999498128891, -0.1467834860086441, 9.846782684326172, 0.2540803849697113, 0.2738801836967468, -0.7101801633834839, 1.5673828125, -0.56591796875, -1.2294921875, 0, 
186, 1651978466, 0.5980141162872314, -0.010788382962346077, -0.00015092456305865198, 0.8014130592346191, -0.1753447949886322, -0.12878693640232086, 9.861960411071777, 0.26460784673690796, 0.25792255997657776, -0.7413015961647034, 1.5693359375, -0.5693359375, -1.22998046875, 0, 
187, 1651986799, 0.5980098843574524, -0.010784219019114971, -0.00014667637879028916, 0.801416277885437, -0.1590002030134201, -0.12362945824861526, 9.83297061920166, 0.38076841831207275, 0.31481173634529114, -0.6860772371292114, 1.56640625, -0.568359375, -1.23291015625, 0, 
188, 1651995132, 0.5980024933815002, -0.010781185701489449, -0.0001414478028891608, 0.8014216423034668, -0.16849951446056366, -0.12731344997882843, 9.84010124206543, 0.3790266513824463, 0.33471402525901794, -0.7433763742446899, 1.5693359375, -0.56982421875, -1.232421875, 0, 
189, 1652003465, 0.5980035066604614, -0.01077677309513092, -0.00013803341425955296, 0.8014209270477295, -0.17337776720523834, -0.11423090100288391, 9.84565258026123, 0.3750564754009247, 0.30689698457717896, -0.7747026085853577, 1.56982421875, -0.5703125, -1.2333984375, 0, 
190, 1652011798, 0.5979915857315063, -0.010775403119623661, -0.00012990379764232785, 0.8014299869537354, -0.18001526594161987, -0.1360682100057602, 9.849014282226562, 0.39708468317985535, 0.37585046887397766, -0.6692231297492981, 1.5654296875, -0.57080078125, -1.236328125, 0, 
191, 1652020131, 0.5979915261268616, -0.01077436376363039, -0.0001289578212890774, 0.8014299869537354, -0.16860681772232056, -0.11839385330677032, 9.849349975585938, 0.3187819719314575, 0.3233669400215149, -0.7586680054664612, 1.568359375, -0.5693359375, -1.234375, 0, 
192, 1652028464, 0.5979861617088318, -0.010765383951365948, -0.00012967173825018108, 0.8014341592788696, -0.19707512855529785, -0.11032544821500778, 9.856317520141602, 0.36268478631973267, 0.21968050301074982, -0.78341144323349, 1.568359375, -0.56787109375, -1.23388671875, 0, 
193, 1652036797, 0.5979897379875183, -0.010762878693640232, -0.0001242806320078671, 0.8014315366744995, -0.19318419694900513, -0.114960677921772, 9.839859008789062, 0.3809989094734192, 0.34495970606803894, -0.8203983306884766, 1.568359375, -0.5703125, -1.2314453125, 0, 
194, 1652045130, 0.5979901552200317, -0.010761965066194534, -0.00012325313582550734, 0.8014312386512756, -0.19094514846801758, -0.1289013773202896, 9.832433700561523, 0.31639981269836426, 0.32380229234695435, -0.8751103281974792, 1.5634765625, -0.56982421875, -1.23583984375, 0, 
195, 1652053463, 0.5979901552200317, -0.010770267806947231, -0.00011517470557009801, 0.8014311194419861, -0.17516613006591797, -0.12774288654327393, 9.847333908081055, 0.32101038098335266, 0.4857611358165741, -0.7579507231712341, 1.568359375, -0.56982421875, -1.23486328125, 0, 
196, 1652061796, 0.5979830622673035, -0.010773412883281708, -0.00011863303370773792, 0.8014363646507263, -0.18600967526435852, -0.14249178767204285, 9.845194816589355, 0.23325605690479279, 0.3308975100517273, -0.7543904781341553, 1.56689453125, -0.57080078125, -1.23388671875, 0, 
197, 1652070129, 0.5979906916618347, -0.010769271291792393, -0.0001186003937618807, 0.8014307618141174, -0.16407887637615204, -0.11343678086996078, 9.840309143066406, 0.3356873393058777, 0.28176936507225037, -0.8899153470993042, 1.56640625, -0.572265625, -1.23583984375, 0, 
198, 1652078462, 0.5979858040809631, -0.010765725746750832, -0.00011686370271490887, 0.8014343976974487, -0.18721170723438263, -0.1362762749195099, 9.848906517028809, 0.34421688318252563, 0.3012618124485016, -0.7913517355918884, 1.56640625, -0.56884765625, -1.23828125, 0, 
199, 1652086795, 0.597984790802002, -0.010758253745734692, -0.0001173163327621296, 0.8014352321624756, -0.1678554266691208, -0.12173400074243546, 9.82735538482666, 0.35692158341407776, 0.24065856635570526, -0.7423518300056458, 1.5634765625, -0.57080078125, -1.23779296875, 0, 
200, 1652095128, 0.5979806184768677, -0.01075370516628027, -0.00011603208986343816, 0.8014384508132935, -0.1860382854938507, -0.1408180147409439, 9.861702919006348, 0.3479821979999542, 0.28497114777565, -0.7995995283126831, 1.5625, -0.572265625, -1.23974609375, 0, 
201, 1652103461, 0.5979787707328796, -0.010759071446955204, -0.00011945411824854091, 0.8014397621154785, -0.1719471961259842, -0.13398705422878265, 9.85283374786377, 0.21919380128383636, 0.35827910900115967, -0.7298263907432556, 1.56201171875, -0.5693359375, -1.23681640625, 0, 
202, 1652111794, 0.5979743599891663, -0.010758779011666775, -0.00012370414333418012, 0.8014430403709412, -0.17882107198238373, -0.11752836406230927, 9.852862358093262, 0.2528252899646759, 0.28732767701148987, -0.8003679513931274, 1.56787109375, -0.57080078125, -1.23974609375, 0, 
203, 1652120127, 0.5979728698730469, -0.010763010941445827, -0.00012445627362467349, 0.8014440536499023, -0.1563897579908371, -0.1324634999036789, 9.853083610534668, 0.2566930651664734, 0.3675258457660675, -0.7343856692314148, 1.56396484375, -0.57080078125, -1.2373046875, 0, 
204, 1652128460, 0.5979658365249634, -0.010755290277302265, -0.00012443128798622638, 0.8014494776725769, -0.1633351743221283, -0.14706960320472717, 9.84736156463623, 0.3603282868862152, 0.23919853568077087, -0.7504971623420715, 1.5654296875, -0.56982421875, -1.23779296875, 0, 
205, 1652136793, 0.5979715585708618, -0.010752733796834946, -0.00012461045116651803, 0.8014451861381531, -0.18615274131298065, -0.13865786790847778, 9.850737571716309, 0.32019078731536865, 0.29923832416534424, -0.8571804165840149, 1.5654296875, -0.5712890625, -1.23974609375, 0, 
206, 1652145126, 0.5979616641998291, -0.010748323984444141, -0.00012422550935298204, 0.8014526963233948, -0.18219006061553955, -0.11594042927026749, 9.845501899719238, 0.3358922600746155, 0.27767109870910645, -0.6997040510177612, 1.5625, -0.5693359375, -1.236328125, 0, 
207, 1652153459, 0.5979632139205933, -0.010745469480752945, -0.00012490348308347166, 0.801451563835144, -0.1655382513999939, -0.12744219601154327, 9.852997779846191, 0.3165535032749176, 0.29065752029418945, -0.7850762009620667, 1.56640625, -0.57275390625, -1.23779296875, 0, 
208, 1652161792, 0.5979570150375366, -0.010746371932327747, -0.00012107408110750839, 0.8014562129974365, -0.15601781010627747, -0.13361510634422302, 9.829286575317383, 0.33238309621810913, 0.36639881134033203, -0.7649691104888916, 1.560546875, -0.56884765625, -1.2353515625, 0, 
209, 1652170125, 0.5979579091072083, -0.010744542814791203, -0.00012395808880683035, 0.8014556169509888, -0.16455115377902985, -0.12830054759979248, 9.854844093322754, 0.2822304964065552, 0.2831013798713684, -0.7739085555076599, 1.5673828125, -0.5712890625, -1.23876953125, 0, 
210, 1652178458, 0.5979512333869934, -0.010750917717814445, -0.00012923264876008034, 0.8014604449272156, -0.17530187964439392, -0.1413544863462448, 9.8600435256958, 0.18676622211933136, 0.3525927662849426, -0.7596670389175415, 1.5654296875, -0.5712890625, -1.2353515625, 0, 
211, 1652186791, 0.5979498028755188, -0.010756171308457851, -0.00012871195212937891, 0.8014614582061768, -0.16520921885967255, -0.12942354381084442, 9.847497940063477, 0.26260992884635925, 0.3889905512332916, -0.7343088388442993, 1.5625, -0.5703125, -1.2373046875, 0, 
212, 1652195124, 0.5979428291320801, -0.010759138502180576, -0.00013267011672724038, 0.8014665842056274, -0.1800583004951477, -0.13533861935138702, 9.845380783081055, 0.22849178314208984, 0.3241865634918213, -0.7561578750610352, 1.5654296875, -0.56982421875, -1.23828125, 0, 
213, 1652203457, 0.5979393124580383, -0.010754913091659546, -0.00013742448936682194, 0.8014692664146423, -0.18587377667427063, -0.13526740670204163, 9.8379487991333, 0.2827683389186859, 0.24178555607795715, -0.6986282467842102, 1.56298828125, -0.57080078125, -1.2373046875, 0, 
214, 1652211790, 0.5979311466217041, -0.010754745453596115, -0.0001298545248573646, 0.8014753460884094, -0.17057384550571442, -0.12124069035053253, 9.84565258026123, 0.38076844811439514, 0.38402143120765686, -0.7284433245658875, 1.56494140625, -0.572265625, -1.2373046875, 0, 
215, 1652220123, 0.5979338884353638, -0.01075825933367014, -0.0001314947585342452, 0.8014732599258423, -0.2021465003490448, -0.124280646443367, 9.848771095275879, 0.254387766122818, 0.3529769480228424, -0.8083339929580688, 1.56591796875, -0.56884765625, -1.2373046875, 0, 
216, 1652228456, 0.5979249477386475, -0.010762766003608704, -0.00012789739412255585, 0.8014798164367676, -0.1745651364326477, -0.13526740670204163, 9.852790832519531, 0.2981624901294708, 0.4046921133995056, -0.7224751114845276, 1.5615234375, -0.57177734375, -1.23876953125, 0, 
217, 1652236789, 0.5979247689247131, -0.01076455507427454, -0.0001303269964409992, 0.8014798760414124, -0.16968689858913422, -0.12892283499240875, 9.83643913269043, 0.2596130669116974, 0.32667115330696106, -0.7575409412384033, 1.56591796875, -0.572265625, -1.23828125, 0, 
218, 1652245122, 0.5979192852973938, -0.010764074511826038, -0.00013812640099786222, 0.8014839887619019, -0.19132404029369354, -0.14445140957832336, 9.839629173278809, 0.21422463655471802, 0.25497689843177795, -0.7778787016868591, 1.5634765625, -0.5693359375, -1.2373046875, 0, 
219, 1652253455, 0.5979149341583252, -0.010770710185170174, -0.0001455138117307797, 0.801487147808075, -0.16227641701698303, -0.14058881998062134, 9.825481414794922, 0.16353407502174377, 0.34014421701431274, -0.6877421736717224, 1.56591796875, -0.57275390625, -1.2392578125, 0, 
220, 1652261788, 0.5979108214378357, -0.010780229233205318, -0.00013913068687543273, 0.801490068435669, -0.1568545401096344, -0.11624059081077576, 9.831268310546875, 0.2900940179824829, 0.4818677604198456, -0.7992921471595764, 1.56494140625, -0.572265625, -1.2392578125, 0, 
221, 1652270121, 0.5979143977165222, -0.010784884914755821, -0.000138691917527467, 0.8014873266220093, -0.17768363654613495, -0.1320198029279709, 9.882074356079102, 0.26678505539894104, 0.382894366979599, -0.8211923837661743, 1.564453125, -0.57080078125, -1.23779296875, 0, 
222, 1652278454, 0.5979069471359253, -0.010787665843963623, -0.0001413278660038486, 0.8014928698539734, -0.17321324348449707, -0.1458178609609604, 9.850909233093262, 0.24462877213954926, 0.3327929973602295, -0.7461683750152588, 1.5654296875, -0.57275390625, -1.240234375, 0, 
223, 1652286787, 0.5979046821594238, -0.01078975759446621, -0.00014815325266681612, 0.8014944791793823, -0.17671097815036774, -0.123636893928051, 9.84919261932373, 0.2077186405658722, 0.293936163187027, -0.7203747034072876, 1.56494140625, -0.5712890625, -1.23583984375, 0, 
224, 1652295120, 0.5978923439979553, -0.010793301276862621, -0.0001560961245559156, 0.8015036582946777, -0.1819613128900528, -0.13837915658950806, 9.85997200012207, 0.17928682267665863, 0.2978295087814331, -0.6648430228233337, 1.5654296875, -0.5693359375, -1.23583984375, 0, 
225, 1652303453, 0.5978937149047852, -0.01079943124204874, -0.0001615150977158919, 0.8015025854110718, -0.1824903041124344, -0.12880803644657135, 9.836238861083984, 0.19027531147003174, 0.3510814905166626, -0.7826429009437561, 1.56298828125, -0.572265625, -1.23876953125, 0, 
226, 1652311786, 0.5978890657424927, -0.010805717669427395, -0.00016451443661935627, 0.8015060424804688, -0.1645440012216568, -0.1368410438299179, 9.85844898223877, 0.21276463568210602, 0.3698054850101471, -0.792197048664093, 1.56494140625, -0.5712890625, -1.23876953125, 0, 
227, 1652320119, 0.597896933555603, -0.010807156562805176, -0.00016589340521022677, 0.8015002012252808, -0.18854178488254547, -0.14527423679828644, 9.86530876159668, 0.2737520933151245, 0.3325367867946625, -0.8951406478881836, 1.5673828125, -0.5751953125, -1.23779296875, 0, 
228, 1652328452, 0.5978840589523315, -0.010809686034917831, -0.00017379733617417514, 0.8015096783638, -0.16400037705898285, -0.1362258940935135, 9.876788139343262, 0.18771392107009888, 0.28655925393104553, -0.6533423662185669, 1.5654296875, -0.5703125, -1.23681640625, 0, 
229, 1652336785, 0.5978782176971436, -0.01080242358148098, -0.0001665792806306854, 0.8015141487121582, -0.17765478789806366, -0.12752777338027954, 9.872968673706055, 0.43809306621551514, 0.3068200945854187, -0.6576710939407349, 1.56494140625, -0.57080078125, -1.23828125, 0, 
230, 1652345118, 0.5978758931159973, -0.010796714574098587, -0.00016478837642353028, 0.8015159368515015, -0.17255517840385437, -0.11908052861690521, 9.8456449508667, 0.3649900555610657, 0.2758268713951111, -0.8290046453475952, 1.564453125, -0.5732421875, -1.236328125, 0, 
231, 1652353451, 0.5978800654411316, -0.010798265226185322, -0.00016585414414294064, 0.8015128374099731, -0.18829843401908875, -0.14528119564056396, 9.867146492004395, 0.2763647735118866, 0.3372497856616974, -0.8311818838119507, 1.56689453125, -0.5712890625, -1.2353515625, 0, 
232, 1652361784, 0.5978729724884033, -0.010797117836773396, -0.00016205005522351712, 0.8015180826187134, -0.17819876968860626, -0.12759241461753845, 9.836332321166992, 0.34767481684684753, 0.3422958254814148, -0.7534427046775818, 1.56298828125, -0.57275390625, -1.23779296875, 0, 
233, 1652370117, 0.5978754758834839, -0.010790652595460415, -0.0001617518428247422, 0.8015162944793701, -0.17382124066352844, -0.11582598835229874, 9.836496353149414, 0.3570239841938019, 0.2591007351875305, -0.8012388348579407, 1.56640625, -0.572265625, -1.2353515625, 0, 
234, 1652378450, 0.5978697538375854, -0.010788538493216038, -0.00015513137623202056, 0.8015207052230835, -0.15701226890087128, -0.1309472918510437, 9.849493026733398, 0.38847827911376953, 0.35669103264808655, -0.774369478225708, 1.56201171875, -0.57373046875, -1.23876953125, 0, 
235, 1652386783, 0.597868025302887, -0.010783947072923183, -0.0001618007809156552, 0.8015220761299133, -0.16571016609668732, -0.1455104947090149, 9.843735694885254, 0.26399311423301697, 0.22172962129116058, -0.7283919453620911, 1.56494140625, -0.57275390625, -1.232421875, 0, 
236, 1652395116, 0.5978638529777527, -0.010799841023981571, -0.00016520763165317476, 0.8015248775482178, -0.18636731803417206, -0.14078940451145172, 9.839757919311523, 0.12962083518505096, 0.47075119614601135, -0.8074118494987488, 1.56591796875, -0.5771484375, -1.23828125, 0, 
237, 1652403449, 0.5978618264198303, -0.010796821676194668, -0.00016478192992508411, 0.8015264272689819, -0.1852586269378662, -0.14056052267551422, 9.8434419631958, 0.3290020525455475, 0.2990846335887909, -0.7242425084114075, 1.5673828125, -0.57568359375, -1.23583984375, 0, 
238, 1652411782, 0.5978535413742065, -0.010799476876854897, -0.00017293423297815025, 0.8015325665473938, -0.16665391623973846, -0.15370717644691467, 9.849164009094238, 0.18515248596668243, 0.28509920835494995, -0.735410213470459, 1.56689453125, -0.572265625, -1.23388671875, 0, 
239, 1652420115, 0.5978543162345886, -0.010796170681715012, -0.00017933979688677937, 0.801531970500946, -0.1776837706565857, -0.1302747279405594, 9.856474876403809, 0.25569412112236023, 0.23971082270145416, -0.7743183970451355, 1.56201171875, -0.572265625, -1.23779296875, 0, 
240, 1652428448, 0.5978464484214783, -0.010789760388433933, -0.00018339707457926124, 0.8015379905700684, -0.17192544043064117, -0.13498109579086304, 9.840065956115723, 0.3051808178424835, 0.21970610320568085, -0.7378948926925659, 1.5615234375, -0.5751953125, -1.23486328125, 0, 
241, 1652436781, 0.5978465676307678, -0.010796958580613136, -0.00018533904221840203, 0.801537811756134, -0.19155333936214447, -0.14288558065891266, 9.8195161819458, 0.2200646996498108, 0.3911421597003937, -0.7626382112503052, 1.56591796875, -0.5751953125, -1.23828125, 0, 
242, 1652445114, 0.597844123840332, -0.010797250084578991, -0.00018588098464533687, 0.8015396595001221, -0.18244756758213043, -0.1512182503938675, 9.821439743041992, 0.28988906741142273, 0.32290583848953247, -0.8311050534248352, 1.5673828125, -0.57373046875, -1.2353515625, 0, 
243, 1652453447, 0.5978477001190186, -0.01079637836664915, -0.0001855946029536426, 0.8015369772911072, -0.19564437866210938, -0.13910116255283356, 9.879914283752441, 0.30950960516929626, 0.3218044340610504, -0.8211154937744141, 1.56640625, -0.57421875, -1.2353515625, 0, 
244, 1652461780, 0.5978443026542664, -0.010755972005426884, -0.00021617165475618094, 0.8015400767326355, -0.18585216999053955, -0.12898743152618408, 9.891151428222656, 0.2936544418334961, -0.3724309802055359, -0.8154292106628418, 1.56298828125, -0.57666015625, -1.234375, 0, 
245, 1652470113, 0.5978419780731201, -0.010709818452596664, -0.00023673524265177548, 0.8015424609184265, -0.20598042011260986, -0.1281360238790512, 9.918282508850098, 0.4528212249279022, -0.35006973147392273, -0.71722412109375, 1.5634765625, -0.5732421875, -1.236328125, 0, 
246, 1652478446, 0.5977466106414795, -0.010695971548557281, -0.00025989458663389087, 0.8016138076782227, -1.3381035327911377, -0.6819233894348145, 9.621503829956055, 0.14332444965839386, -0.02958444505929947, 0.7588345408439636, 1.56494140625, -0.57470703125, -1.23583984375, 0, 
247, 1652486779, 0.5971083045005798, -0.010673376731574535, -0.0003207897243555635, 0.8020898103713989, -3.764118194580078, -2.236959218978882, 9.864481925964355, -0.27758151292800903, -0.493560791015625, 10.179034233093262, 1.5654296875, -0.57470703125, -1.23486328125, 0, 
248, 1652495112, 0.5958747267723083, -0.010613753460347652, -0.0004042611981276423, 0.803007185459137, -3.427213430404663, -3.3577537536621094, 9.80759048461914, -0.3099323809146881, -1.1600178480148315, 20.255680084228516, 1.56396484375, -0.57373046875, -1.23291015625, 0, 
249, 1652503445, 0.594453752040863, -0.010767839848995209, -0.0003523689229041338, 0.804057776927948, -2.3634426593780518, -2.9065864086151123, 9.613004684448242, -0.5913561582565308, 2.2933075428009033, 23.547317504882812, 1.56201171875, -0.5771484375, -1.2373046875, 0, 
250, 1652511778, 0.5929812788963318, -0.010620186105370522, -0.0005373721942305565, 0.8051460385322571, -1.5062185525894165, -1.9064894914627075, 9.79643440246582, -0.7497546672821045, -2.98518705368042, 24.28595733642578, 1.55859375, -0.57958984375, -1.24072265625, 0, 
251, 1652520111, 0.591604471206665, -0.010564848780632019, -0.0006078482256270945, 0.8061589598655701, -0.5431386232376099, -0.03085828758776188, 10.142141342163086, -0.2218962460756302, -1.0172187089920044, 22.733707427978516, 1.560546875, -0.58154296875, -1.23828125, 0, 
252, 1652528444, 0.5902243256568909, -0.010638714767992496, -0.000581094587687403, 0.8071691393852234, -0.6485456824302673, 1.2230792045593262, 10.204429626464844, -0.19292651116847992, 1.2009624242782593, 22.663755416870117, 1.56005859375, -0.58203125, -1.23681640625, 0, 
253, 1652536777, 0.5886214971542358, -0.010871847160160542, -0.0005241160979494452, 0.8083358407020569, -0.4230114221572876, 1.7819976806640625, 9.776510238647461, -1.1853506565093994, 3.194545269012451, 26.511194229125977, 1.5615234375, -0.5849609375, -1.23876953125, 0, 
254, 1652545110, 0.586947500705719, -0.010939527302980423, -0.0003958378219977021, 0.8095511198043823, 0.5156782865524292, 1.0668408870697021, 9.18725299835205, 0.9397229552268982, 1.9199546575546265, 27.621706008911133, 1.5576171875, -0.58056640625, -1.24072265625, 0, 
255, 1652553443, 0.5852625370025635, -0.01099491585046053, -0.000503070536069572, 0.8107693195343018, 1.0124050378799438, 1.4525803327560425, 10.096576690673828, -1.5884934663772583, -0.1135735735297203, 27.815322875976562, 1.5576171875, -0.58349609375, -1.2392578125, 0, 
256, 1652561776, 0.5838394165039062, -0.01108197495341301, -0.0005466496804729104, 0.8117932677268982, 1.981354832649231, 0.8660467267036438, 9.630334854125977, -1.0927038192749023, 0.7757402658462524, 23.284029006958008, 1.5556640625, -0.58984375, -1.24169921875, 0, 
257, 1652570109, 0.5828434228897095, -0.011062448844313622, -0.0005694906576536596, 0.8125089406967163, 2.749922752380371, 0.9191962480545044, 10.306102752685547, 0.0543149970471859, -0.190262570977211, 16.103044509887695, 1.55419921875, -0.587890625, -1.23974609375, 0, 
258, 1652578442, 0.5828019380569458, -0.011171997524797916, -0.0005037305527366698, 0.8125373125076294, 4.54295015335083, 0.7470056414604187, 10.00148868560791, 0.15113678574562073, 2.06784987449646, -0.11088401824235916, 1.55712890625, -0.5888671875, -1.240234375, 0, 
259, 1652586775, 0.5831685662269592, -0.011250266805291176, -0.0004659953119698912, 0.8122731447219849, 0.9480772614479065, 1.0849425792694092, 9.968925476074219, 0.14893396198749542, 1.546472191810608, -6.967532634735107, 1.5556640625, -0.587890625, -1.24267578125, 0, 
260, 1652595108, 0.5832571387290955, -0.011296589858829975, -0.00043167039984837174, 0.8122089505195618, 0.31143060326576233, 0.14240722358226776, 9.631464958190918, 0.3261844515800476, 1.13185453414917, -2.2963929176330566, 1.55712890625, -0.5888671875, -1.24267578125, 0, 
261, 1652603441, 0.5833756923675537, -0.011252899654209614, -0.00046611239667981863, 0.8121244311332703, 0.1488438993692398, 0.45254671573638916, 9.844977378845215, 0.28230729699134827, -0.4228653907775879, -2.768002510070801, 1.55908203125, -0.5869140625, -1.24169921875, 0, 
262, 1652611774, 0.5835750102996826, -0.011244542896747589, -0.000458972790511325, 0.8119813799858093, 0.22641412913799286, 0.7275063395500183, 9.930830955505371, 0.4735431969165802, 0.31076472997665405, -4.175222873687744, 1.55517578125, -0.5859375, -1.2421875, 0, 
263, 1652620107, 0.5839616656303406, -0.011203955858945847, -0.00046549219405278563, 0.8117039203643799, 0.6157491207122803, 0.738656759262085, 9.923578262329102, 0.6105024814605713, -0.13229751586914062, -7.303719520568848, 1.5576171875, -0.5888671875, -1.2431640625, 0, 
264, 1652628440, 0.5845696926116943, -0.01112731359899044, -0.0004859895561821759, 0.8112670183181763, 0.8539784550666809, 0.7342040538787842, 9.907787322998047, 0.7743567824363708, -0.6235273480415344, -11.101107597351074, 1.5556640625, -0.58740234375, -1.24267578125, 0, 
265, 1652636773, 0.5855134725570679, -0.010972520336508751, -0.0005269829416647553, 0.8105883598327637, 0.7821261286735535, 0.711035966873169, 9.975592613220215, 1.2269349098205566, -1.6191785335540771, -16.750328063964844, 1.55908203125, -0.5849609375, -1.2421875, 0, 
266, 1652645106, 0.586629331111908, -0.010872669517993927, -0.000561996886972338, 0.8097823262214661, 0.05309291556477547, 0.2641487419605255, 9.744462013244629, 0.8706153035163879, -0.9371995329856873, -19.747299194335938, 1.5556640625, -0.58544921875, -1.24169921875, 0, 
267, 1652653439, 0.5877505540847778, -0.010833569802343845, -0.0005357408081181347, 0.8089694976806641, -0.2424919307231903, -0.2903915047645569, 9.711383819580078, 1.0696123838424683, 0.2339220494031906, -19.799449920654297, 1.5595703125, -0.58447265625, -1.2451171875, 0, 
268, 1652661772, 0.5890577435493469, -0.010727697983384132, -0.0005619860021397471, 0.8080194592475891, 0.26054197549819946, -0.21670423448085785, 10.18266487121582, 1.0448946952819824, -0.9116366505622864, -23.048851013183594, 1.5595703125, -0.58251953125, -1.24169921875, 0, 
269, 1652670105, 0.5905423164367676, -0.010388442315161228, -0.0007138276705518365, 0.806939423084259, 0.058058589696884155, -0.2325766533613205, 9.728211402893066, 1.5709348917007446, -4.500424385070801, -26.029104232788086, 1.5625, -0.5810546875, -1.2412109375, 0, 
270, 1652678438, 0.5921164751052856, -0.010260208509862423, -0.0008623139001429081, 0.8057866096496582, 0.14457263052463531, -0.04937460646033287, 10.283913612365723, -0.09753907471895218, -2.120399236679077, -27.688955307006836, 1.5615234375, -0.5830078125, -1.24072265625, 0, 
271, 1652686771, 0.5936886072158813, -0.009770181961357594, -0.0010480352211743593, 0.8046349287033081, 0.5424325466156006, -0.11788970232009888, 9.694718360900879, 2.440154790878296, -6.433685779571533, -27.589778900146484, 1.564453125, -0.5810546875, -1.240234375, 0, 
272, 1652695104, 0.5955231785774231, -0.009444673545658588, -0.001191933755762875, 0.8032817244529724, 1.1108652353286743, 0.18471159040927887, 9.778396606445312, 1.588762640953064, -4.24049186706543, -32.22808837890625, 1.56689453125, -0.5771484375, -1.2392578125, 0, 
273, 1652703437, 0.5974072217941284, -0.009192883968353271, -0.0013394877314567566, 0.8018842339515686, 0.09017632156610489, -0.04511960595846176, 9.9436616897583, 0.9528631567955017, -3.4484732151031494, -33.03826904296875, 1.56640625, -0.578125, -1.2392578125, 0, 
274, 1652711770, 0.5991441607475281, -0.00904031191021204, -0.001339870155788958, 0.8005891442298889, 0.12709186971187592, -0.30287429690361023, 9.556139945983887, 1.7390927076339722, -1.160786747932434, -30.659725189208984, 1.5703125, -0.57958984375, -1.23681640625, 0, 
275, 1652720103, 0.6008090972900391, -0.009039238095283508, -0.001350152539089322, 0.7993404269218445, 0.13485729694366455, -0.18010342121124268, 9.716317176818848, 0.38035890460014343, 0.41734591126441956, -29.38027000427246, 1.56884765625, -0.57421875, -1.2392578125, 0, 
276, 1652728436, 0.6022142767906189, -0.009121033363044262, -0.0011982738506048918, 0.798281729221344, -0.5546950697898865, -0.020377758890390396, 9.79113483428955, 1.4404301643371582, 2.640636920928955, -24.93257713317871, 1.56982421875, -0.57421875, -1.240234375, 0, 
277, 1652736769, 0.6033704280853271, -0.009577399119734764, -0.0008509171311743557, 0.7974033951759338, -0.26316267251968384, -0.4890967905521393, 9.464929580688477, 0.46368181705474854, 8.3439302444458, -20.67300033569336, 1.57080078125, -0.57177734375, -1.23828125, 0, 
278, 1652745102, 0.6043422222137451, -0.00975576788187027, -0.000622939202003181, 0.7966648936271667, -0.23657211661338806, -0.11811046302318573, 10.19815731048584, 1.4317463636398315, 4.284660816192627, -17.511816024780273, 1.57470703125, -0.57568359375, -1.23828125, 0, 
279, 1652753435, 0.60504549741745, -0.009992866776883602, -0.000446619262220338, 0.7961281538009644, -0.7613851428031921, -0.4793318510055542, 9.991006851196289, 0.3508765995502472, 4.4688005447387695, -12.898125648498535, 1.5771484375, -0.576171875, -1.2392578125, 0, 
280, 1652761768, 0.6057509779930115, -0.010242756456136703, -0.0002723298966884613, 0.7955883145332336, -0.2769301235675812, -0.41157597303390503, 9.710391998291016, 0.21501873433589935, 4.593157768249512, -12.950482368469238, 1.576171875, -0.572265625, -1.234375, 0, 
281, 1652770101, 0.6064883470535278, -0.010388502851128578, -0.0001757600111886859, 0.7950245141983032, -0.6366789937019348, -0.26805171370506287, 9.980993270874023, 0.2446800321340561, 2.807436227798462, -13.50966739654541, 1.57763671875, -0.57275390625, -1.234375, 0, 
282, 1652778434, 0.6073133945465088, -0.010436855256557465, -0.00011384168465156108, 0.7943938970565796, -0.21482595801353455, -0.1860773265361786, 9.912375450134277, 0.6832982897758484, 1.4661974906921387, -15.028745651245117, 1.57763671875, -0.57080078125, -1.2333984375, 0, 
283, 1652786767, 0.6082042455673218, -0.0104253264144063, -0.00007472690049326047, 0.7937120795249939, -0.3326328694820404, -0.3330219089984894, 9.775633811950684, 0.95058274269104, 0.6273567080497742, -16.18084716796875, 1.5791015625, -0.5693359375, -1.23291015625, 0, 
284, 1652795100, 0.6091490387916565, -0.010469894856214523, -0.00004284530223230831, 0.7929866313934326, -0.1845628023147583, -0.37315279245376587, 9.888143539428711, 0.40487152338027954, 1.1847227811813354, -17.132648468017578, 1.5771484375, -0.56689453125, -1.2353515625, 0, 
285, 1652803433, 0.6101911067962646, -0.01034920196980238, -0.00006475832924479619, 0.7921867966651917, -0.20405954122543335, -0.47221365571022034, 9.993488311767578, 1.2213000059127808, -1.0549482107162476, -18.826112747192383, 1.578125, -0.5703125, -1.23193359375, 0, 
286, 1652811766, 0.6110392808914185, -0.010391557589173317, -0.000006945285804249579, 0.7915320992469788, -1.7499492168426514, -0.5302990078926086, 9.789583206176758, 0.6874477863311768, 1.3679924011230469, -15.4854736328125, 1.5791015625, -0.5654296875, -1.23046875, 0, 
287, 1652820099, 0.6117979884147644, -0.010368027724325657, 0.000005470352789416211, 0.7909461855888367, -0.1730969101190567, -1.219161868095398, 9.655098915100098, 0.7406742572784424, 0.25784575939178467, -13.93875789642334, 1.578125, -0.5673828125, -1.2333984375, 0, 
288, 1652828432, 0.6125327348709106, -0.010364756919443607, 0.000007314971753658028, 0.7903772592544556, -0.41074246168136597, -1.6772161722183228, 9.752586364746094, 0.45072099566459656, 0.3892211616039276, -13.657999038696289, 1.583984375, -0.5654296875, -1.23095703125, 0, 
289, 1652836765, 0.6131997108459473, -0.010371220298111439, 0.00004226769306114875, 0.7898597717285156, -0.7181400656700134, -0.7278673648834229, 9.828461647033691, 0.7194399237632751, 0.766160249710083, -12.363377571105957, 1.583984375, -0.56640625, -1.23193359375, 0, 
290, 1652845098, 0.6137898564338684, -0.010443471372127533, 0.00010050844139186665, 0.7894005179405212, -0.6203120946884155, -0.22642450034618378, 9.774256706237793, 0.4041542410850525, 1.666679859161377, -11.033869743347168, 1.57861328125, -0.5634765625, -1.23388671875, 0, 
291, 1652853431, 0.6142182350158691, -0.010469099506735802, 0.00011489374446682632, 0.7890669107437134, -0.7524597644805908, -0.025507481768727303, 9.913619041442871, 0.3026193678379059, 0.7759191393852234, -8.223321914672852, 1.5830078125, -0.56396484375, -1.232421875, 0, 
292, 1652861764, 0.6146475672721863, -0.010494766756892204, 0.00013122829841449857, 0.7887321710586548, 0.21834386885166168, -0.05195881426334381, 9.985790252685547, 0.3185514211654663, 0.7883421182632446, -8.241456985473633, 1.58349609375, -0.564453125, -1.232421875, 0, 
293, 1652870097, 0.615190327167511, -0.010490008629858494, 0.00014811994333285838, 0.7883089780807495, 0.25277775526046753, -0.04521394148468971, 9.940768241882324, 0.6028438806533813, 0.4790758192539215, -10.22107982635498, 1.583984375, -0.5654296875, -1.2333984375, 0, 
294, 1652878430, 0.615767240524292, -0.010450685396790504, 0.00015126481594052166, 0.7878588438034058, -0.22325366735458374, -0.10838885605335236, 9.855879783630371, 0.7485633492469788, -0.010911665856838226, -10.820249557495117, 1.5859375, -0.564453125, -1.23095703125, 0, 
295, 1652886763, 0.6163417100906372, -0.010393760167062283, 0.00013941257202532142, 0.787410318851471, -0.055090051144361496, -0.07599175721406937, 9.771475791931152, 0.7374723553657532, -0.32509589195251465, -10.783645629882812, 1.5859375, -0.56494140625, -1.23193359375, 0, 
296, 1652895096, 0.61695796251297, -0.010411357507109642, 0.0001655182131798938, 0.7869272828102112, -0.06027025356888771, -0.09975321590900421, 9.787742614746094, 0.5180351138114929, 0.8036594390869141, -11.523153305053711, 1.58837890625, -0.564453125, -1.232421875, 0, 
297, 1652903429, 0.617544949054718, -0.010379044339060783, 0.0001640191621845588, 0.7864671945571899, -0.38219356536865234, -0.12854118645191193, 9.89840316772461, 0.6435192227363586, 0.029955849051475525, -11.014787673950195, 1.587890625, -0.56298828125, -1.22998046875, 0, 
298, 1652911762, 0.6180174350738525, -0.010361898690462112, 0.0001845249644247815, 0.7860961556434631, -0.5840498208999634, -0.149482861161232, 9.877782821655273, 0.7321189641952515, 0.3665269613265991, -9.01695442199707, 1.58984375, -0.56396484375, -1.23388671875, 0, 
299, 1652920095, 0.6183772683143616, -0.010347888804972172, 0.00019093476294074208, 0.7858132719993591, -0.3354979157447815, -0.016963325440883636, 9.850397109985352, 0.5403962731361389, 0.2699868679046631, -7.0520853996276855, 1.58837890625, -0.5625, -1.232421875, 0, 
300, 1652928428, 0.6185277104377747, -0.010361730121076107, 0.00020523727289400995, 0.7856947779655457, -0.704931914806366, 0.1062295213341713, 9.779413223266602, 0.35505175590515137, 0.6126797795295715, -3.3898136615753174, 1.58984375, -0.56201171875, -1.22998046875, 0, 
301, 1652936761, 0.618390679359436, -0.010376418009400368, 0.00020028240396641195, 0.78580242395401, -0.6662061214447021, -0.019692344591021538, 9.819869995117188, 0.10267466306686401, 0.4285646080970764, 1.6357122659683228, 1.5888671875, -0.56298828125, -1.2333984375, 0, 
302, 1652945094, 0.6180692315101624, -0.010399525985121727, 0.00021381232363637537, 0.7860550284385681, -0.4423261880874634, -0.19225378334522247, 9.847423553466797, 0.19918909668922424, 0.6555323004722595, 4.863951683044434, 1.5859375, -0.5615234375, -1.232421875, 0, 
303, 1652953427, 0.6177464723587036, -0.010385830886662006, 0.00019433957641012967, 0.7863088250160217, -0.3248806297779083, -0.23150023818016052, 9.889917373657227, 0.15787333250045776, -0.02179771289229393, 4.88364839553833, 1.5859375, -0.56298828125, -1.23046875, 0, 
304, 1652961760, 0.6175218820571899, -0.010355601087212563, 0.00018312271276954561, 0.7864855527877808, -0.4374832212924957, -0.1884797215461731, 9.836551666259766, 0.3997741639614105, -0.1232813149690628, 3.1682121753692627, 1.5830078125, -0.56201171875, -1.2314453125, 0, 
305, 1652970093, 0.6173853874206543, -0.010341452434659004, 0.00016807502834126353, 0.7865929007530212, -0.49690067768096924, -0.05488373711705208, 9.82859992980957, 0.23753362894058228, 0.03238920122385025, 1.626516580581665, 1.583984375, -0.564453125, -1.22705078125, 0, 
306, 1652978426, 0.6173095703125, -0.01037357933819294, 0.00017955666407942772, 0.7866520285606384, -0.07853100448846817, -0.16101020574569702, 9.801849365234375, 0.13768930733203888, 0.7607299089431763, 0.5641663074493408, 1.5869140625, -0.56396484375, -1.22998046875, 0, 
307, 1652986759, 0.617276132106781, -0.010409639216959476, 0.00020322583441156894, 0.7866777777671814, 0.09452477842569351, -0.04140792042016983, 9.89748764038086, 0.24491049349308014, 0.9141592383384705, -0.1750732958316803, 1.58740234375, -0.5615234375, -1.2314453125, 0, 
308, 1652995092, 0.6172816157341003, -0.010385369881987572, 0.00019644036365207285, 0.7866738438606262, 0.20559363067150116, 0.3865753412246704, 9.927266120910645, 0.428974449634552, 0.004520912654697895, -0.8527235388755798, 1.5908203125, -0.5625, -1.23193359375, 0, 
309, 1653003425, 0.6173099875450134, -0.010328216478228569, 0.00016807751671876758, 0.7866523265838623, 0.08800164610147476, 0.3571197986602783, 9.8953857421875, 0.4834558367729187, -0.5287033915519714, -1.253637433052063, 1.58349609375, -0.56787109375, -1.22900390625, 0, 
310, 1653011758, 0.6173242330551147, -0.010222290642559528, 0.00011136921966681257, 0.7866426110267639, -0.05348851531744003, 0.17060798406600952, 9.878816604614258, 0.584401547908783, -1.3016129732131958, -1.0025155544281006, 1.58935546875, -0.5654296875, -1.2294921875, 0, 
311, 1653020091, 0.6172824501991272, -0.01018884964287281, 0.00009155747102340683, 0.7866758704185486, -0.466887503862381, 0.1156829297542572, 9.7676362991333, 0.36360687017440796, -0.2072959840297699, -0.027765827253460884, 1.58984375, -0.5634765625, -1.22998046875, 0, 
312, 1653028424, 0.6171398758888245, -0.01013721153140068, 0.000055248747230507433, 0.7867882251739502, -0.38099008798599243, -0.2755902409553528, 9.899706840515137, 0.31985774636268616, -0.5587745308876038, 1.731586217880249, 1.58349609375, -0.56201171875, -1.23193359375, 0, 
313, 1653036757, 0.6169795989990234, -0.01001932006329298, 0.000009243593012797646, 0.7869154810905457, -0.10347387939691544, -0.3596768081188202, 10.192541122436523, 0.7811444401741028, -1.355377197265625, 2.0472049713134766, 1.58740234375, -0.56396484375, -1.2294921875, 0, 
314, 1653045090, 0.6168128252029419, -0.009532329626381397, -0.00014778490003664047, 0.7870523929595947, -0.1531459093093872, -0.20767422020435333, 10.902759552001953, 2.705157995223999, -6.297951698303223, 2.1863417625427246, 1.58447265625, -0.5654296875, -1.22998046875, 0, 
315, 1653053423, 0.6165752410888672, -0.00818588212132454, -0.0007760014850646257, 0.7872532606124878, -0.4782237708568573, 0.11964645981788635, 11.363215446472168, 4.890361785888672, -19.59986686706543, 3.4307079315185547, 1.5859375, -0.56396484375, -1.22900390625, 0, 
316, 1653061756, 0.6161884665489197, -0.00588066503405571, -0.0019387527136132121, 0.7875745296478271, -0.49754446744918823, 0.2021351456642151, 11.021739959716797, 7.21647310256958, -34.52817916870117, 5.996210098266602, 1.580078125, -0.56396484375, -1.22802734375, 0, 
317, 1653070089, 0.6157751679420471, -0.0033970344811677933, -0.003210350638255477, 0.7879082560539246, -0.2515241503715515, 0.14545994997024536, 9.972548484802246, 7.549638748168945, -37.38407516479492, 6.376838207244873, 1.5771484375, -0.564453125, -1.23193359375, 0, 
318, 1653078422, 0.615398645401001, -0.0013458685716614127, -0.004097769968211651, 0.7882043719291687, -0.48974135518074036, 0.005071667488664389, 9.932158470153809, 8.047857284545898, -29.441919326782227, 5.576133728027344, 1.5703125, -0.5673828125, -1.23583984375, 0, 
319, 1653086755, 0.6151419281959534, -0.00006376770761562511, -0.003969189710915089, 0.7884065508842468, -0.18647220730781555, -0.3943409323692322, 9.344764709472656, 12.551453590393066, -12.499468803405762, 3.664386749267578, 1.5693359375, -0.572265625, -1.2333984375, 0, 
320, 1653095088, 0.6151524782180786, 0.00011989710037596524, -0.0027260445058345795, 0.7884035110473633, 0.25437119603157043, -0.4083637595176697, 9.153573989868164, 15.325550079345703, 8.850756645202637, -1.0297949314117432, 1.57080078125, -0.57275390625, -1.23193359375, 0, 
321, 1653103421, 0.6154300570487976, -0.0003749193565454334, -0.0007579115917906165, 0.7881910800933838, -0.15691661834716797, 0.19707922637462616, 9.855576515197754, 17.44413948059082, 22.34986114501953, -5.550609588623047, 1.572265625, -0.5712890625, -1.2265625, 0, 
322, 1653111754, 0.6158871054649353, -0.0014450893504545093, 0.0015240812208503485, 0.787831723690033, -0.008957497775554657, 0.33257508277893066, 9.499404907226562, 15.975553512573242, 31.246599197387695, -8.853391647338867, 1.57763671875, -0.5703125, -1.2236328125, 0, 
323, 1653120087, 0.6164482831954956, -0.0032799902837723494, 0.0037728825118392706, 0.7873796820640564, -0.4657478928565979, 0.035921428352594376, 9.954911231994629, 9.14284896850586, 39.249202728271484, -10.660225868225098, 1.580078125, -0.57080078125, -1.22412109375, 0, 
324, 1653128420, 0.6170597076416016, -0.0054227435030043125, 0.0055182920768857, 0.7868784070014954, -0.20159578323364258, -0.1763099581003189, 10.408754348754883, 1.086698293685913, 38.31117248535156, -11.784895896911621, 1.58251953125, -0.57421875, -1.22265625, 0, 
325, 1653136753, 0.6177809238433838, -0.007349844090640545, 0.006044949870556593, 0.7862927913665771, -0.27710381150245667, -0.2283094823360443, 10.916644096374512, -10.256690979003906, 25.637706756591797, -13.641358375549316, 1.59228515625, -0.5712890625, -1.2216796875, 0, 
326, 1653145086, 0.6184863448143005, -0.009086081758141518, 0.005540297832340002, 0.7857236862182617, 0.19671249389648438, -0.18648694455623627, 11.121478080749512, -19.78749656677246, 14.811864852905273, -13.532957077026367, 1.591796875, -0.56787109375, -1.21923828125, 0, 
327, 1653153419, 0.6190802454948425, -0.01084484625607729, 0.004257785156369209, 0.7852414846420288, -0.005099502392113209, -0.28309139609336853, 11.275816917419434, -28.405492782592773, 8.436759948730469, -11.571676254272461, 1.5966796875, -0.5654296875, -1.22412109375, 0, 
328, 1653161752, 0.6194875240325928, -0.012767762877047062, 0.002402019686996937, 0.7848991751670837, 0.22716960310935974, -0.2784903645515442, 11.238953590393066, -36.02861404418945, 5.3212480545043945, -8.459622383117676, 1.5966796875, -0.56201171875, -1.22607421875, 0, 
329, 1653170085, 0.6197366118431091, -0.014942869544029236, 0.000031335785024566576, 0.7846679091453552, 0.13768930733203888, -0.22562900185585022, 10.970074653625488, -43.766937255859375, 3.6406214237213135, -5.906396389007568, 1.599609375, -0.55517578125, -1.228515625, 0, 
330, 1653178418, 0.6199245452880859, -0.017169924452900887, -0.00291618425399065, 0.7844681739807129, 0.4778006672859192, -0.44594115018844604, 10.930364608764648, -50.44501876831055, -0.7199665307998657, -5.098806858062744, 1.599609375, -0.5498046875, -1.22998046875, 0, 
331, 1653186751, 0.6201043128967285, -0.01896655187010765, -0.006668540183454752, 0.7842618227005005, 0.5080263018608093, -0.7476007342338562, 11.178693771362305, -55.46086120605469, -12.223735809326172, -5.27152681350708, 1.599609375, -0.54345703125, -1.2333984375, 0, 
332, 1653195084, 0.6202756762504578, -0.02029556967318058, -0.011184323579072952, 0.7840415835380554, 0.5279789566993713, -0.8269937038421631, 10.875810623168945, -59.711753845214844, -23.774703979492188, -5.540737628936768, 1.60205078125, -0.537109375, -1.23876953125, 0, 
333, 1653203417, 0.6203592419624329, -0.02133200131356716, -0.016321217641234398, 0.7838578820228577, 0.4136638641357422, -0.5865203738212585, 10.666321754455566, -63.929805755615234, -32.251461029052734, -4.502208709716797, 1.59521484375, -0.52978515625, -1.24365234375, 0, 
334, 1653211750, 0.6203614473342896, -0.022288715466856956, -0.0217193141579628, 0.7836984992027283, 0.39545485377311707, -0.6489341259002686, 10.392979621887207, -66.08551025390625, -35.36282730102539, -3.5119080543518066, 1.595703125, -0.52490234375, -1.2490234375, 0, 
335, 1653220083, 0.6203272342681885, -0.023439468815922737, -0.02698112092912197, 0.7835285067558289, 0.34358394145965576, -0.6760874390602112, 10.172611236572266, -66.28440856933594, -32.11737823486328, -3.110273838043213, 1.59033203125, -0.51904296875, -1.2548828125, 0, 
336, 1653228416, 0.6203149557113647, -0.025019770488142967, -0.03172805532813072, 0.7833115458488464, 0.256270170211792, -0.7117583751678467, 9.974729537963867, -64.41424560546875, -23.073396682739258, -3.41902756690979, 1.58642578125, -0.51025390625, -1.259765625, 0, 
337, 1653236749, 0.6203156113624573, -0.027159852907061577, -0.03575671836733818, 0.7830661535263062, 0.17084096372127533, -0.8818116188049316, 9.868829727172852, -61.457366943359375, -10.900636672973633, -3.313981056213379, 1.58642578125, -0.50390625, -1.26708984375, 0, 
338, 1653245082, 0.6203270554542542, -0.02989264205098152, -0.03905198350548744, 0.7828001379966736, 0.15501949191093445, -0.9774588942527771, 9.609798431396484, -58.6250114440918, 1.7491117715835571, -3.03865122795105, 1.5830078125, -0.49755859375, -1.2724609375, 0, 
339, 1653253415, 0.6203372478485107, -0.03314785286784172, -0.04172125458717346, 0.7825232148170471, 0.19860470294952393, -1.0109210014343262, 9.591344833374023, -56.346275329589844, 12.717952728271484, -2.580308437347412, 1.5908203125, -0.48974609375, -1.275390625, 0, 
340, 1653261748, 0.6203017234802246, -0.03667454421520233, -0.04397033900022507, 0.782270610332489, 0.13159266114234924, -1.0630559921264648, 9.462238311767578, -54.152339935302734, 19.18556785583496, -1.5331189632415771, 1.59130859375, -0.48486328125, -1.27294921875, 0, 
341, 1653270081, 0.6201680302619934, -0.0402195081114769, -0.04601721465587616, 0.7820846438407898, 0.09104931354522705, -1.231348991394043, 9.270413398742676, -52.13719940185547, 21.015857696533203, 0.2043124884366989, 1.59423828125, -0.47900390625, -1.275390625, 0, 
342, 1653278414, 0.6199127435684204, -0.043710850179195404, -0.04782945662736893, 0.7819911241531372, 0.0207819901406765, -1.2321233749389648, 9.226255416870117, -49.16828155517578, 22.310476303100586, 2.3946423530578613, 1.59814453125, -0.47412109375, -1.27685546875, 0, 
343, 1653286747, 0.6195571422576904, -0.047177959233522415, -0.04932139813899994, 0.7819788455963135, -0.15119583904743195, -1.172819972038269, 9.005287170410156, -45.52249526977539, 24.667577743530273, 4.343095302581787, 1.59521484375, -0.466796875, -1.2802734375, 0, 
344, 1653295080, 0.619193971157074, -0.050720177590847015, -0.050434526056051254, 0.7819738388061523, -0.20376119017601013, -1.3283480405807495, 8.538741111755371, -42.08940124511719, 28.690807342529297, 4.784454822540283, 1.6015625, -0.4619140625, -1.2783203125, 0, 
345, 1653303413, 0.6188986897468567, -0.05436559394001961, -0.05116312578320503, 0.7819153070449829, -0.2392522394657135, -1.3970036506652832, 8.364659309387207, -38.82081604003906, 33.16081619262695, 3.9374163150787354, 1.60546875, -0.46044921875, -1.27880859375, 0, 
346, 1653311746, 0.6186593174934387, -0.05788746476173401, -0.051671724766492844, 0.7818182706832886, -0.3237084746360779, -1.3855750560760498, 8.29766845703125, -35.39039611816406, 33.771202087402344, 3.0878665447235107, 1.60546875, -0.455078125, -1.28173828125, 0, 
347, 1653320079, 0.6184486150741577, -0.061115194112062454, -0.05203353241086006, 0.7817152142524719, -0.43716347217559814, -1.382797360420227, 8.14291763305664, -31.29155921936035, 31.88448715209961, 2.6342363357543945, 1.61083984375, -0.45263671875, -1.279296875, 0, 
348, 1653328412, 0.6182417869567871, -0.063743457198143, -0.05247526988387108, 0.7816393971443176, -0.40664440393447876, -1.3863896131515503, 8.071850776672363, -27.02794075012207, 24.73888397216797, 2.327324867248535, 1.615234375, -0.44921875, -1.28466796875, 0, 
349, 1653336745, 0.6180295348167419, -0.06545525044202805, -0.053210336714982986, 0.7816160321235657, -0.49154242873191833, -1.5232914686203003, 7.796019077301025, -22.357500076293945, 12.345696449279785, 1.9153695106506348, 1.61865234375, -0.4462890625, -1.28369140625, 0, 
350, 1653345078, 0.6177778244018555, -0.06612804532051086, -0.054211318492889404, 0.7816898822784424, -0.5261471271514893, -1.5748589038848877, 7.642541885375977, -16.350263595581055, -1.1989772319793701, 2.163519859313965, 1.61474609375, -0.44482421875, -1.28271484375, 0, 
351, 1653353411, 0.6174883842468262, -0.06582996249198914, -0.05529526621103287, 0.7818678021430969, -0.5518084168434143, -1.5405765771865845, 7.384792804718018, -8.950102806091309, -12.462685585021973, 2.655825138092041, 1.6162109375, -0.44482421875, -1.28271484375, 0, 
352, 1653361744, 0.6171343326568604, -0.06476011872291565, -0.05620523542165756, 0.7821717858314514, -0.6580328345298767, -1.4723249673843384, 7.183959484100342, -0.4883868098258972, -19.44648551940918, 3.991173267364502, 1.61083984375, -0.44384765625, -1.28271484375, 0, 
353, 1653370077, 0.6167370080947876, -0.06331070512533188, -0.05649557709693909, 0.7825828194618225, -0.7234259247779846, -1.371748685836792, 7.06704568862915, 9.440937042236328, -18.400300979614258, 5.622749328613281, 1.609375, -0.44287109375, -1.28515625, 0, 
354, 1653378410, 0.6163474917411804, -0.0617554746568203, -0.05599193274974823, 0.7830498814582825, -0.7081455588340759, -1.3119933605194092, 6.963507175445557, 18.933809280395508, -12.847723007202148, 6.625650882720947, 1.6083984375, -0.44677734375, -1.2841796875, 0, 
355, 1653386743, 0.616024911403656, -0.06014633923768997, -0.054659876972436905, 0.7835229635238647, -0.6435363292694092, -1.2796225547790527, 7.114757537841797, 28.37276840209961, -6.360378265380859, 6.614970684051514, 1.6044921875, -0.44921875, -1.28369140625, 0, 
356, 1653395076, 0.6157605051994324, -0.05846023932099342, -0.052468519657850266, 0.7840081453323364, -0.6418956518173218, -1.20325767993927, 7.468096733093262, 38.33970642089844, 0.12380655854940414, 6.746222019195557, 1.60693359375, -0.45703125, -1.28125, 0, 
357, 1653403409, 0.6155266165733337, -0.05669495835900307, -0.0494065061211586, 0.7845202684402466, -0.5887399911880493, -1.2483783960342407, 7.674956321716309, 48.44257736206055, 6.643642902374268, 7.286561012268066, 1.599609375, -0.45947265625, -1.27783203125, 0, 
358, 1653411742, 0.6153395175933838, -0.054775308817625046, -0.045621659606695175, 0.785032331943512, -0.4488072693347931, -1.3421869277954102, 7.749667167663574, 57.58395767211914, 11.128023147583008, 7.238873481750488, 1.6044921875, -0.46435546875, -1.2724609375, 0, 
359, 1653420075, 0.615202009677887, -0.05249175429344177, -0.04150012135505676, 0.7855246067047119, -0.3202660083770752, -1.2918859720230103, 7.737569808959961, 64.32156372070312, 10.093955993652344, 6.562865734100342, 1.60205078125, -0.47216796875, -1.27197265625, 0, 
360, 1653428408, 0.6150931715965271, -0.04960377514362335, -0.03727363049983978, 0.7860094308853149, -0.3253568112850189, -1.1366872787475586, 7.812280654907227, 70.58551788330078, 4.474864959716797, 5.921051502227783, 1.6015625, -0.4833984375, -1.26708984375, 0, 
361, 1653436741, 0.6149077415466309, -0.046233274042606354, -0.03277462348341942, 0.7865602374076843, -0.37480300664901733, -1.0819737911224365, 7.212936878204346, 77.59471893310547, 1.480011224746704, 7.245523452758789, 1.6005859375, -0.4912109375, -1.26611328125, 0, 
362, 1653445074, 0.6146270036697388, -0.042514149099588394, -0.027870357036590576, 0.7871782779693604, -0.26557430624961853, -0.8311867117881775, 6.147907257080078, 84.89630889892578, 1.0503568649291992, 8.94522762298584, 1.59814453125, -0.49951171875, -1.2578125, 0, 
363, 1653453407, 0.6142697930335999, -0.03849412873387337, -0.022435924038290977, 0.7878373861312866, -0.42030954360961914, -0.15657177567481995, 5.8039655685424805, 93.14814758300781, 2.2207584381103516, 10.314764976501465, 1.59765625, -0.5068359375, -1.25244140625, 0, 
364, 1653461740, 0.6137599349021912, -0.03409355878829956, -0.015894727781414986, 0.7885962128639221, -0.5186529755592346, 0.34752047061920166, 5.235355377197266, 108.30530548095703, 7.3480448722839355, 13.279314994812012, 1.59423828125, -0.52001953125, -1.24609375, 0, 
365, 1653470073, 0.6130688190460205, -0.02929190918803215, -0.007650537882000208, 0.7894495129585266, -0.7099893689155579, 0.48919761180877686, 5.741549015045166, 130.09458923339844, 17.288244247436523, 16.753976821899414, 1.5947265625, -0.533203125, -1.236328125, 0, 
366, 1653478406, 0.6120839715003967, -0.014311211183667183, -0.0021478324197232723, 0.7906604409217834, -3.5519137382507324, 0.2242065966129303, 21.709354400634766, 186.07310485839844, -116.51085662841797, 20.781396865844727, 1.5947265625, -0.5498046875, -1.22412109375, 0, 
367, 1653486739, 0.6123046278953552, -0.009293370880186558, -0.0030614412389695644, 0.7905614972114563, 1.4782390594482422, 2.883786678314209, -66.46454620361328, 32.642860412597656, -61.89542770385742, -4.319270610809326, 1.56982421875, -0.5634765625, -1.216796875, 0, 
368, 1653495072, 0.6132444143295288, -0.012718369252979755, 0.00008964248991105705, 0.7897908687591553, -1.4472434520721436, 0.7913455367088318, -6.022428512573242, 5.805527210235596, 64.23379516601562, -16.91762924194336, 1.58447265625, -0.56201171875, -1.21923828125, 0, 
369, 1653503405, 0.613579273223877, -0.009765718132257462, -0.0019326178589835763, 0.7895703911781311, -1.4442812204360962, 0.40350109338760376, 20.371156692504883, 3.294471025466919, -48.75638198852539, -6.6069231033325195, 1.58837890625, -0.5634765625, -1.2158203125, 0, 
370, 1653511738, 0.6133250594139099, -0.007339951582252979, -0.003683107439428568, 0.7897880673408508, 0.754718542098999, -0.5422323942184448, 8.802716255187988, 1.7354565858840942, -40.813655853271484, 3.3188283443450928, 1.5859375, -0.564453125, -1.2177734375, 0, 
371, 1653520071, 0.6131943464279175, -0.005765669513493776, -0.005007820203900337, 0.7898954153060913, 0.6506345272064209, 0.36334484815597534, 9.286033630371094, -0.816300630569458, -27.96195411682129, 1.352752685546875, 1.58447265625, -0.56201171875, -1.21826171875, 0, 
372, 1653528404, 0.6131864190101624, -0.005148532800376415, -0.005329006351530552, 0.7899037599563599, 0.1776839792728424, -0.12913483381271362, 9.519684791564941, 2.0157511234283447, -9.082040786743164, -0.8831020593643188, 1.58642578125, -0.56201171875, -1.21875, 0, 
373, 1653536737, 0.6131803393363953, -0.005177583545446396, -0.005448146257549524, 0.7899074554443359, -0.05053513124585152, 0.2039489448070526, 9.993202209472656, -1.239626407623291, -0.3621852695941925, -0.6690694093704224, 1.583984375, -0.56298828125, -1.21875, 0, 
374, 1653545070, 0.6131813526153564, -0.0053114681504666805, -0.00523429736495018, 0.7899071574211121, -0.22657567262649536, -0.03288424387574196, 10.355284690856934, 1.4926310777664185, 3.585723876953125, -0.9614045023918152, 1.58203125, -0.55908203125, -1.2197265625, 0, 
375, 1653553403, 0.6131662726402283, -0.00531794223934412, -0.005307232029736042, 0.7899184226989746, -0.26734504103660583, -0.16960836946964264, 9.973502159118652, -0.5470688343048096, -0.21869432926177979, -0.5051895976066589, 1.583984375, -0.560546875, -1.2158203125, 0, 
376, 1653561736, 0.6131542921066284, -0.005270364228636026, -0.0052561890333890915, 0.7899281978607178, -0.16187630593776703, -0.09056219458580017, 9.368563652038574, 1.2541369199752808, 0.23907044529914856, -0.7560297250747681, 1.58251953125, -0.5625, -1.21533203125, 0, 
377, 1653570069, 0.6131444573402405, -0.005264281295239925, -0.005306631326675415, 0.7899355292320251, -0.16906459629535675, -0.06451864540576935, 9.623141288757324, -0.19835662841796875, -0.1645970493555069, -0.5938916206359863, 1.58251953125, -0.56396484375, -1.2197265625, 0, 
378, 1653578402, 0.6131258010864258, -0.005257328040897846, -0.005295102950185537, 0.7899501323699951, -0.27993324398994446, -0.1574409157037735, 10.64916706085205, 0.48097124695777893, 0.3432435393333435, -0.6426867842674255, 1.58154296875, -0.5634765625, -1.21826171875, 0, 
379, 1653586735, 0.6131054759025574, -0.005241628270596266, -0.005296814255416393, 0.7899660468101501, -0.16540949046611786, -0.22005006670951843, 9.509082794189453, 0.4126325249671936, 0.13873949646949768, -0.4052172005176544, 1.5830078125, -0.564453125, -1.2177734375, 0, 
380, 1653595068, 0.6130842566490173, -0.005241963546723127, -0.005304083693772554, 0.7899823784828186, -0.20314788818359375, -0.02684461884200573, 9.626639366149902, 0.21571028232574463, 0.2675022780895233, -0.5897678136825562, 1.5849609375, -0.56396484375, -1.21875, 0, 
381, 1653603401, 0.6130794286727905, -0.0052602519281208515, -0.005280736833810806, 0.7899861931800842, -0.15997333824634552, -0.1302318125963211, 9.571712493896484, 0.39905694127082825, 0.7212584614753723, -0.6720150709152222, 1.58154296875, -0.564453125, -1.2158203125, 0, 
382, 1653611734, 0.6130616664886475, -0.005267550703138113, -0.005298582371324301, 0.7899998426437378, -0.2509574890136719, -0.031136324629187584, 10.336694717407227, 0.04120049625635147, 0.2527996897697449, -0.6546229720115662, 1.5849609375, -0.56396484375, -1.21728515625, 0, 
383, 1653620067, 0.6130602359771729, -0.005240538157522678, -0.005281573161482811, 0.7900012731552124, -0.18648141622543335, -0.2144850790500641, 9.948410034179688, 0.7123959064483643, 0.1774682253599167, -0.7321829199790955, 1.5830078125, -0.5654296875, -1.216796875, 0, 
384, 1653628400, 0.6130428314208984, -0.005222363863140345, -0.0053015220910310745, 0.7900147438049316, -0.23864029347896576, -0.1067633330821991, 9.86957836151123, 0.23205216228961945, -0.0451066680252552, -0.6591055393218994, 1.583984375, -0.560546875, -1.21875, 0, 
385, 1653636733, 0.6130384802818298, -0.005212834104895592, -0.00529056740924716, 0.7900182008743286, -0.16371427476406097, -0.1856377273797989, 9.52022647857666, 0.4990805387496948, 0.3164766728878021, -0.6820557713508606, 1.58251953125, -0.5634765625, -1.21826171875, 0, 
386, 1653645066, 0.613021731376648, -0.005219407845288515, -0.005309400614351034, 0.7900311350822449, -0.19060896337032318, -0.08340214937925339, 9.741900444030762, 0.03577028214931488, 0.2327437698841095, -0.6727578639984131, 1.58154296875, -0.56689453125, -1.21630859375, 0, 
387, 1653653399, 0.6130239963531494, -0.005231952294707298, -0.005299908109009266, 0.7900293469429016, -0.19799084961414337, -0.17322786152362823, 10.016233444213867, 0.29790636897087097, 0.5433163046836853, -0.7976016998291016, 1.58642578125, -0.56103515625, -1.21923828125, 0, 
388, 1653661732, 0.6130118370056152, -0.0052229659631848335, -0.005318379029631615, 0.7900385856628418, -0.23499950766563416, -0.15506647527217865, 10.129491806030273, 0.17016814649105072, 0.06970912963151932, -0.7462450265884399, 1.583984375, -0.5625, -1.21728515625, 0, 
389, 1653670065, 0.6130067706108093, -0.00520740170031786, -0.0053144535049796104, 0.7900426387786865, -0.19834792613983154, -0.170101597905159, 9.73423957824707, 0.4733383059501648, 0.1902497261762619, -0.6708368062973022, 1.583984375, -0.56103515625, -1.2177734375, 0, 
390, 1653678398, 0.6129971742630005, -0.005196504760533571, -0.00532535370439291, 0.7900501489639282, -0.1951078325510025, -0.11174160987138748, 9.64288330078125, 0.2713700234889984, 0.11325333267450333, -0.7917103171348572, 1.58349609375, -0.5595703125, -1.21630859375, 0, 
391, 1653686731, 0.6130041480064392, -0.005210127215832472, -0.00532390084117651, 0.7900446057319641, -0.2423812299966812, -0.11522514373064041, 9.801762580871582, 0.20116139948368073, 0.48868119716644287, -0.8802332878112793, 1.583984375, -0.56396484375, -1.21337890625, 0, 
392, 1653695064, 0.6129963994026184, -0.005218386650085449, -0.0053282068111002445, 0.7900506854057312, -0.21278992295265198, -0.15995188057422638, 10.069250106811523, 0.1778012216091156, 0.3756199777126312, -0.8246503472328186, 1.583984375, -0.56396484375, -1.2177734375, 0, 
393, 1653703397, 0.6130024194717407, -0.005218643229454756, -0.005336067173629999, 0.7900459170341492, -0.2108372002840042, -0.15890756249427795, 9.796419143676758, 0.21384045481681824, 0.2644285559654236, -0.8657100200653076, 1.58203125, -0.560546875, -1.2177734375, 0, 
394, 1653711730, 0.6129927635192871, -0.00521051837131381, -0.0053446595557034016, 0.7900532484054565, -0.23477749526500702, -0.11717056483030319, 9.838435173034668, 0.2704222798347473, 0.15920527279376984, -0.78838050365448, 1.587890625, -0.564453125, -1.2177734375, 0, 
395, 1653720063, 0.6129948496818542, -0.005203928332775831, -0.00535975769162178, 0.7900515198707581, -0.22076515853405, -0.10770738124847412, 9.783658981323242, 0.19165851175785065, 0.13005629181861877, -0.7986518144607544, 1.58349609375, -0.55908203125, -1.21630859375, 0, 
396, 1653728396, 0.612967312335968, -0.005193167366087437, -0.005363441538065672, 0.7900729775428772, -0.20527228713035583, -0.09485384821891785, 9.923003196716309, 0.3439863920211792, 0.1679653525352478, -0.4776798486709595, 1.5859375, -0.56103515625, -1.216796875, 0, 
397, 1653736729, 0.6129112839698792, -0.005189754534512758, -0.0053593735210597515, 0.7901164293289185, -0.1521838903427124, 0.08691419661045074, 9.881881713867188, 0.3732890784740448, 0.31663039326667786, 0.21553099155426025, 1.5869140625, -0.56494140625, -1.2158203125, 0, 
398, 1653745062, 0.6127671599388123, -0.005195549223572016, -0.005369609221816063, 0.7902282476425171, -0.2573235332965851, 0.08654940128326416, 9.853434562683105, 0.1326945424079895, 0.27841392159461975, 1.5542333126068115, 1.58251953125, -0.56396484375, -1.2177734375, 0, 
399, 1653753395, 0.6125761270523071, -0.005204854998737574, -0.005381618160754442, 0.7903763055801392, -0.29597145318984985, 0.008975502103567123, 9.757623672485352, 0.08712681382894516, 0.30259376764297485, 2.5638697147369385, 1.58349609375, -0.56396484375, -1.2158203125, 0, 
400, 1653761728, 0.6123558878898621, -0.005218722391873598, -0.005391468293964863, 0.7905466556549072, -0.2581634223461151, 0.13690251111984253, 9.827908515930176, 0.06763438135385513, 0.3602770268917084, 2.877413511276245, 1.58203125, -0.5625, -1.21875, 0, 
401, 1653770061, 0.6121271252632141, -0.005244790576398373, -0.005385987926274538, 0.7907236814498901, -0.2632730007171631, 0.21578969061374664, 9.92876148223877, 0.13628053665161133, 0.6265113949775696, 3.2195427417755127, 1.5810546875, -0.5634765625, -1.2177734375, 0, 
402, 1653778394, 0.611858606338501, -0.005256944801658392, -0.00539363780990243, 0.7909314036369324, -0.4571968913078308, 0.27895763516426086, 9.943549156188965, 0.10505678504705429, 0.35167062282562256, 3.716510057449341, 1.58203125, -0.5634765625, -1.21875, 0, 
403, 1653786727, 0.6115139126777649, -0.005084225907921791, -0.005474775098264217, 0.7911986112594604, -0.7124706506729126, 0.2564670741558075, 10.100446701049805, 0.8660812973976135, -2.2785911560058594, 5.218042373657227, 1.578125, -0.5615234375, -1.216796875, 0, 
404, 1653795060, 0.6112170219421387, -0.004574338905513287, -0.005570793058723211, 0.7914304733276367, -0.32852691411972046, -0.43737122416496277, 10.772744178771973, 3.533803701400757, -6.072546005249023, 4.187222957611084, 1.5830078125, -0.5634765625, -1.22021484375, 0, 
405, 1653803393, 0.611167848110199, -0.0036646185908466578, -0.005561261437833309, 0.7914732098579407, -0.21216729283332825, -0.34299224615097046, 11.082040786743164, 8.049517631530762, -9.499911308288574, 0.06737825274467468, 1.58154296875, -0.564453125, -1.22021484375, 0, 
406, 1653811726, 0.6112782955169678, -0.003064162563532591, -0.0050636050291359425, 0.7913938164710999, -0.45041459798812866, -0.1217026561498642, 10.767865180969238, 10.762295722961426, -2.0129971504211426, -2.839542865753174, 1.580078125, -0.56591796875, -1.2158203125, 0, 
407, 1653820059, 0.6116083860397339, -0.002708743093535304, -0.004160759039223194, 0.7911453247070312, -0.3807993233203888, -0.29681217670440674, 10.532588958740234, 13.109457015991211, 4.082256317138672, -6.428277492523193, 1.5791015625, -0.56591796875, -1.21630859375, 0, 
408, 1653828392, 0.6121397614479065, -0.0029233002569526434, -0.0033258034382015467, 0.7907373309135437, -0.16310082376003265, -0.29852014780044556, 10.869624137878418, 7.5743231773376465, 9.73099136352539, -10.112399101257324, 1.58203125, -0.5673828125, -1.21484375, 0, 
409, 1653836725, 0.612762987613678, -0.0037175060715526342, -0.002998562529683113, 0.7902523875236511, -0.04445594176650047, -0.24054484069347382, 11.31920051574707, -2.8238162994384766, 11.765324592590332, -11.568979263305664, 1.583984375, -0.56640625, -1.2119140625, 0, 
410, 1653845058, 0.6132831573486328, -0.005125429946929216, -0.003581324126571417, 0.7898386120796204, -0.03201983496546745, -0.2202836126089096, 11.500300407409668, -17.887094497680664, 10.760993003845215, -10.051183700561523, 1.58447265625, -0.5634765625, -1.21484375, 0, 
411, 1653853391, 0.6137166023254395, -0.0072962031699717045, -0.005118020810186863, 0.7894762754440308, 0.19857214391231537, -0.19824351370334625, 11.643623352050781, -34.68580627441406, 10.992501258850098, -8.52493953704834, 1.5888671875, -0.5595703125, -1.2138671875, 0, 
412, 1653861724, 0.6140865683555603, -0.009959726594388485, -0.007687317673116922, 0.7891384959220886, 0.21740904450416565, -0.3398473560810089, 11.999494552612305, -50.0581169128418, 7.622878074645996, -7.87239933013916, 1.59130859375, -0.55322265625, -1.22119140625, 0, 
413, 1653870057, 0.6143407821655273, -0.01277095451951027, -0.011246529407799244, 0.7888574600219727, 0.10361076146364212, -0.3037845194339752, 11.687520027160645, -62.05868911743164, 0.8445681929588318, -6.080661296844482, 1.59228515625, -0.55224609375, -1.22412109375, 0, 
414, 1653878390, 0.614466667175293, -0.01573524810373783, -0.015473728068172932, 0.7886342406272888, 0.1515299677848816, -0.24175569415092468, 11.247732162475586, -70.6122817993164, -3.1707489490509033, -4.29498815536499, 1.59521484375, -0.541015625, -1.2265625, 0, 
415, 1653886723, 0.6144435405731201, -0.018542377278208733, -0.020164893940091133, 0.7884852290153503, 0.05880989879369736, -0.5409890413284302, 10.98905086517334, -74.33231353759766, -8.840771675109863, -2.18513560295105, 1.59619140625, -0.53271484375, -1.234375, 0, 
416, 1653895056, 0.6142626404762268, -0.02108125016093254, -0.025014882907271385, 0.7884233593940735, -0.049649275839328766, -0.6603156328201294, 10.507914543151855, -73.80391693115234, -13.159046173095703, 0.14675748348236084, 1.5947265625, -0.52880859375, -1.240234375, 0, 
417, 1653903389, 0.6139796376228333, -0.02321760356426239, -0.02998189628124237, 0.7884106040000916, -0.13631278276443481, -0.7320047616958618, 9.892641067504883, -71.68598175048828, -18.560523986816406, 1.4973257780075073, 1.5908203125, -0.52001953125, -1.24658203125, 0, 
418, 1653911722, 0.613669216632843, -0.024908224120736122, -0.035013508051633835, 0.7883933186531067, -0.18230833113193512, -1.0199207067489624, 9.587296485900879, -68.63362884521484, -23.949548721313477, 1.5491176843643188, 1.58984375, -0.51123046875, -1.24951171875, 0, 
419, 1653920055, 0.6134294271469116, -0.026214536279439926, -0.03994741290807724, 0.7883031368255615, -0.10868443548679352, -1.3102864027023315, 9.1564359664917, -64.34123992919922, -27.232118606567383, 0.019326021894812584, 1.58544921875, -0.5029296875, -1.2529296875, 0, 
420, 1653928388, 0.6132620573043823, -0.02724813111126423, -0.04480278864502907, 0.7881370782852173, -0.27247512340545654, -1.2687797546386719, 8.789795875549316, -61.21055603027344, -29.47003746032715, -1.5288941860198975, 1.58251953125, -0.49755859375, -1.2587890625, 0, 
421, 1653936721, 0.6131371855735779, -0.028197623789310455, -0.0494241863489151, 0.7879245281219482, -0.36859580874443054, -1.1764785051345825, 8.594022750854492, -57.9736213684082, -28.35398292541504, -2.3450686931610107, 1.583984375, -0.4912109375, -1.265625, 0, 
422, 1653945054, 0.6131477355957031, -0.029466943815350533, -0.05340183898806572, 0.7876102924346924, -0.3260987401008606, -1.2616454362869263, 8.285459518432617, -53.710365295410156, -19.329940795898438, -4.203077793121338, 1.58154296875, -0.486328125, -1.271484375, 0, 
423, 1653953387, 0.6133542060852051, -0.031206678599119186, -0.056594595313072205, 0.7871594429016113, -0.3411499261856079, -1.1938707828521729, 8.208333015441895, -49.19629669189453, -7.416055679321289, -6.811864852905273, 1.58447265625, -0.48046875, -1.2744140625, 0, 
424, 1653961720, 0.6137116551399231, -0.03320280462503433, -0.05912166088819504, 0.7866132855415344, -0.32178279757499695, -1.1862080097198486, 8.240753173828125, -44.16412353515625, 1.1320360898971558, -8.769818305969238, 1.58154296875, -0.4736328125, -1.27880859375, 0, 
425, 1653970053, 0.6141340732574463, -0.035190097987651825, -0.0610591322183609, 0.7860490083694458, -0.21445199847221375, -1.1764425039291382, 8.403740882873535, -37.69582748413086, 6.0748724937438965, -9.358582496643066, 1.5849609375, -0.46826171875, -1.27880859375, 0, 
426, 1653978386, 0.6145383715629578, -0.036950428038835526, -0.06252086162567139, 0.7855371832847595, -0.10656524449586868, -1.1805459260940552, 8.488080978393555, -30.600078582763672, 7.596561908721924, -8.682286262512207, 1.5830078125, -0.4609375, -1.28076171875, 0, 
427, 1653986719, 0.6148785352706909, -0.038345612585544586, -0.0636485144495964, 0.7851134538650513, -0.06401676684617996, -1.3333772420883179, 8.529670715332031, -23.864822387695312, 6.377141952514648, -7.389276027679443, 1.58642578125, -0.458984375, -1.28271484375, 0, 
428, 1653995052, 0.6151409149169922, -0.039323244243860245, -0.06459186226129532, 0.784782350063324, -0.025698751211166382, -1.3753327131271362, 8.47675609588623, -18.302248001098633, 3.309142827987671, -6.033230304718018, 1.59033203125, -0.46337890625, -1.28515625, 0, 
429, 1654003385, 0.6153321862220764, -0.03993115574121475, -0.06541100889444351, 0.7845338582992554, -0.11016786843538284, -1.2597650289535522, 8.428342819213867, -13.800361633300781, 0.2633015513420105, -4.828360080718994, 1.587890625, -0.4580078125, -1.2822265625, 0, 
430, 1654011718, 0.6154200434684753, -0.04038152098655701, -0.06592769920825958, 0.7843985557556152, -0.05574183538556099, -1.3493618965148926, 8.37814712524414, -9.158345222473145, 0.9663612246513367, -2.731066942214966, 1.59130859375, -0.4560546875, -1.28369140625, 0, 
431, 1654020051, 0.6154103875160217, -0.040335241705179214, -0.0666121393442154, 0.7843506932258606, -0.11755276471376419, -1.3697041273117065, 8.194433212280273, -6.740898609161377, -5.946806907653809, -1.4815531969070435, 1.58837890625, -0.45361328125, -1.28271484375, 0, 
432, 1654028384, 0.615299642086029, -0.039651673287153244, -0.06754282116889954, 0.7843929529190063, 0.08548106253147125, -0.8924600481987, 8.219752311706543, -3.975919008255005, -15.046443939208984, -0.3512480556964874, 1.5888671875, -0.4521484375, -1.28271484375, 0, 
433, 1654036717, 0.6152164340019226, -0.03853866830468178, -0.06838040053844452, 0.7844411134719849, 0.03044777549803257, -1.3059040307998657, 8.056086540222168, 0.681684672832489, -18.86896324157715, -0.9447813630104065, 1.58544921875, -0.45458984375, -1.28662109375, 0, 
434, 1654045050, 0.6151832938194275, -0.037016212940216064, -0.06896518915891647, 0.7844892740249634, -0.012586558237671852, -1.468545913696289, 7.939661502838135, 6.899772644042969, -21.101219177246094, -1.7373884916305542, 1.58544921875, -0.455078125, -1.28759765625, 0, 
435, 1654053383, 0.6151880621910095, -0.03521674498915672, -0.06915631145238876, 0.7845516204833984, -0.022683311253786087, -1.292069435119629, 7.593923091888428, 13.523054122924805, -20.728919982910156, -2.0876123905181885, 1.58251953125, -0.455078125, -1.287109375, 0, 
436, 1654061716, 0.6152504086494446, -0.033190201967954636, -0.06886770576238632, 0.7846162915229797, 0.014274374581873417, -1.3650470972061157, 7.336362838745117, 20.649812698364258, -19.06786346435547, -2.671438455581665, 1.57958984375, -0.4541015625, -1.28662109375, 0, 
437, 1654070049, 0.6153855919837952, -0.030959058552980423, -0.06792113929986954, 0.7846840620040894, 0.15806984901428223, -1.4265663623809814, 7.152535915374756, 29.51486587524414, -15.638763427734375, -3.326857089996338, 1.57275390625, -0.4580078125, -1.287109375, 0, 
438, 1654078382, 0.6155529022216797, -0.02839137241244316, -0.06626887619495392, 0.7847912311553955, 0.1628609001636505, -1.3632158041000366, 6.972872257232666, 40.02935791015625, -13.288301467895508, -3.3533952236175537, 1.576171875, -0.46142578125, -1.28515625, 0, 
439, 1654086715, 0.6156525611877441, -0.02529115602374077, -0.06397002935409546, 0.7850099205970764, 0.04810546338558197, -1.1270675659179688, 6.497218132019043, 51.590206146240234, -13.664742469787598, -1.9114670753479004, 1.572265625, -0.46923828125, -1.28564453125, 0, 
440, 1654095048, 0.6156336665153503, -0.02169129066169262, -0.06089070439338684, 0.785377025604248, -0.051647234708070755, -0.7847669124603271, 5.75898551940918, 64.3350830078125, -12.608320236206055, 0.45651137828826904, 1.5693359375, -0.4755859375, -1.27978515625, 0, 
441, 1654103381, 0.6155189871788025, -0.017913637682795525, -0.05656817555427551, 0.7858853340148926, -0.22858868539333344, -0.5223323106765747, 4.94464111328125, 79.35710144042969, -4.12465763092041, 2.908141613006592, 1.56640625, -0.4814453125, -1.27685546875, 0, 
442, 1654111714, 0.61538165807724, -0.014094306156039238, -0.05059223994612694, 0.7864779233932495, -0.13785794377326965, -0.23785851895809174, 4.370084285736084, 97.63241577148438, 9.398877143859863, 4.065487384796143, 1.5673828125, -0.49169921875, -1.27587890625, 0, 
443, 1654120047, 0.6153454780578613, -0.010167218744754791, -0.04262830689549446, 0.7870385646820068, 0.040377724915742874, 0.08056275546550751, 3.9819271564483643, 120.04851531982422, 25.115463256835938, 3.1861841678619385, 1.5634765625, -0.50537109375, -1.2646484375, 0, 
444, 1654128380, 0.6153808832168579, -0.005938123445957899, -0.03240571543574333, 0.7875412106513977, -0.03825749456882477, 0.13348284363746643, 4.968654632568359, 147.02186584472656, 41.02497482299805, 1.8553667068481445, 1.56787109375, -0.51953125, -1.25537109375, 0, 
445, 1654136713, 0.6156956553459167, -0.0032305829226970673, -0.010470493696630001, 0.7879080176353455, 2.6350579261779785, -3.8861443996429443, 3.91575288772583, 260.9784240722656, 156.75411987304688, -0.4799219071865082, 1.57275390625, -0.54052734375, -1.2373046875, 0, 
446, 1654145046, 0.6154158115386963, -0.005537546705454588, -0.006918305531144142, 0.7881528735160828, -1.2669613361358643, 5.177914142608643, 23.074676513671875, 19.278343200683594, 55.35177230834961, 4.593171119689941, 1.5810546875, -0.55712890625, -1.22021484375, 0, 
447, 1654153379, 0.6159274578094482, -0.005528676323592663, -0.005478472448885441, 0.7877644896507263, 0.1081075519323349, -1.5954039096832275, 6.804073333740234, 15.982072830200195, 12.495741844177246, -9.481983184814453, 1.5869140625, -0.556640625, -1.224609375, 0, 
448, 1654161712, 0.6160508990287781, -0.0051509621553123, -0.005495045334100723, 0.7876703143119812, 0.36030077934265137, 0.6088300347328186, 6.615525245666504, 3.3225631713867188, -3.885167360305786, -3.153548002243042, 1.58251953125, -0.560546875, -1.2236328125, 0, 
449, 1654170045, 0.616309642791748, -0.004937916994094849, -0.005217212717980146, 0.7874711155891418, -1.600350260734558, 0.3776240646839142, 18.329486846923828, 5.116865634918213, 0.4075096547603607, -5.244668006896973, 1.58740234375, -0.5615234375, -1.21923828125, 0, 
450, 1654178378, 0.6162810921669006, -0.004958797711879015, -0.005429667886346579, 0.7874920964241028, -0.20453287661075592, 1.0007739067077637, 7.701911449432373, -2.1769282817840576, -1.2480536699295044, -0.5177405476570129, 1.5859375, -0.56396484375, -1.22412109375, 0, 
451, 1654186711, 0.6164122819900513, -0.004963261540979147, -0.00516449473798275, 0.7873912453651428, 0.07148455083370209, -0.8087785243988037, 9.418800354003906, 3.1347341537475586, 2.639892578125, -3.015845775604248, 1.58935546875, -0.5634765625, -1.21826171875, 0, 
452, 1654195044, 0.6165291666984558, -0.005004804115742445, -0.005292074754834175, 0.7872986197471619, -0.40414223074913025, 0.33544501662254333, 10.257698059082031, -1.4322456121444702, -0.28962016105651855, -2.8155934810638428, 1.5869140625, -0.56103515625, -1.22021484375, 0, 
453, 1654203377, 0.6166875958442688, -0.004982747137546539, -0.005152170546352863, 0.7871755957603455, -0.2497013658285141, -0.1962057501077652, 10.197183609008789, 2.0038657188415527, 1.2956064939498901, -3.5112764835357666, 1.5869140625, -0.56201171875, -1.22021484375, 0, 
454, 1654211710, 0.6167774796485901, -0.00494769960641861, -0.005252112168818712, 0.7871047258377075, -0.27510762214660645, 0.09145370870828629, 10.059531211853027, -0.4897185266017914, -0.9039263725280762, -2.5603222846984863, 1.5888671875, -0.5615234375, -1.2197265625, 0, 
455, 1654220043, 0.6168990135192871, -0.0049094464629888535, -0.005218280479311943, 0.7870099544525146, -0.12023530155420303, -0.17905548214912415, 9.380130767822266, 0.9929229617118835, 0.21491622924804688, -2.879321575164795, 1.59033203125, -0.5634765625, -1.22119140625, 0, 
456, 1654228376, 0.6169652938842773, -0.004922361113131046, -0.0052159796468913555, 0.7869578003883362, -0.1041780486702919, -0.05967484042048454, 9.471863746643066, 0.2116120159626007, 0.48921912908554077, -2.1299006938934326, 1.5869140625, -0.5634765625, -1.22021484375, 0, 
457, 1654236709, 0.6169975996017456, -0.004935189615935087, -0.005213530734181404, 0.7869324088096619, -0.21761809289455414, -0.10768605023622513, 10.552839279174805, 0.2182973325252533, 0.4917548894882202, -1.3231801986694336, 1.58935546875, -0.56298828125, -1.2197265625, 0, 
458, 1654245042, 0.6170129776000977, -0.0049198889173567295, -0.005207500886172056, 0.7869204878807068, -0.14801399409770966, -0.20334824919700623, 9.561126708984375, 0.492753803730011, 0.20922987163066864, -1.2393189668655396, 1.58740234375, -0.55908203125, -1.21826171875, 0, 
459, 1654253375, 0.6170322895050049, -0.004923028871417046, -0.005235632415860891, 0.7869051694869995, -0.17008745670318604, 0.04230906441807747, 9.754903793334961, -0.029891809448599815, 0.12552255392074585, -1.0993629693984985, 1.59130859375, -0.56201171875, -1.220703125, 0, 
460, 1654261708, 0.617040753364563, -0.0049400669522583485, -0.005196047946810722, 0.786898672580719, -0.1781415492296219, -0.06622817367315292, 9.604687690734863, 0.5800215601921082, 0.8410817980766296, -1.1143217086791992, 1.59033203125, -0.5634765625, -1.22119140625, 0, 
461, 1654270041, 0.6170387864112854, -0.0049520013853907585, -0.005212694406509399, 0.786899983882904, -0.27105697989463806, -0.020807620137929916, 10.308606147766113, 0.01791715808212757, 0.3144787549972534, -0.7279309630393982, 1.5888671875, -0.5625, -1.22265625, 0, 
462, 1654278374, 0.6170417070388794, -0.004943775478750467, -0.00518436823040247, 0.7868979573249817, -0.16867119073867798, -0.20192475616931915, 9.89602279663086, 0.6706447005271912, 0.4628620147705078, -0.8080010414123535, 1.5888671875, -0.56005859375, -1.22119140625, 0, 
463, 1654286707, 0.6170369386672974, -0.004927096888422966, -0.005203411914408207, 0.7869017124176025, -0.258060097694397, -0.11315084993839264, 9.849157333374023, 0.2350490391254425, -0.01608574017882347, -0.6771636009216309, 1.58935546875, -0.5625, -1.220703125, 0, 
464, 1654295040, 0.6170248985290527, -0.004924749489873648, -0.005192462354898453, 0.786911129951477, -0.19932112097740173, -0.18136748671531677, 9.562385559082031, 0.4355316460132599, 0.38650599122047424, -0.7584118843078613, 1.58984375, -0.5625, -1.22216796875, 0, 
465, 1654303373, 0.6170206069946289, -0.004941387567669153, -0.0052024684846401215, 0.7869143486022949, -0.22481384873390198, -0.10794354975223541, 9.757994651794434, 0.04993494972586632, 0.4217511713504791, -0.6851551532745361, 1.5888671875, -0.56103515625, -1.21923828125, 0, 
466, 1654311706, 0.6170192956924438, -0.004950467497110367, -0.005189294461160898, 0.7869154214859009, -0.18718257546424866, -0.20395588874816895, 9.954446792602539, 0.35920119285583496, 0.5194951295852661, -0.7359738349914551, 1.587890625, -0.560546875, -1.2216796875, 0, 
467, 1654320039, 0.6170181632041931, -0.00495307520031929, -0.005195473786443472, 0.786916196346283, -0.25725916028022766, -0.16804173588752747, 10.103734016418457, 0.21099726855754852, 0.30261939764022827, -0.7415833473205566, 1.58837890625, -0.56201171875, -1.21923828125, 0, 
468, 1654328372, 0.6170068979263306, -0.00495256157591939, -0.005192789249122143, 0.7869251370429993, -0.19958578050136566, -0.17184704542160034, 9.772979736328125, 0.32621005177497864, 0.3266967535018921, -0.7672231793403625, 1.58984375, -0.5634765625, -1.22265625, 0, 
469, 1654336705, 0.617008626461029, -0.004942059982568026, -0.005198301747441292, 0.7869238257408142, -0.20278309285640717, -0.1330786496400833, 9.728975296020508, 0.3303595781326294, 0.16758114099502563, -0.7917359471321106, 1.5888671875, -0.56103515625, -1.22119140625, 0, 
470, 1654345038, 0.6170121431350708, -0.00494588864967227, -0.005198843777179718, 0.7869210839271545, -0.2546626627445221, -0.12104756385087967, 9.74664306640625, 0.25454145669937134, 0.3464965522289276, -0.8202702403068542, 1.58935546875, -0.5634765625, -1.216796875, 0, 
471, 1654353371, 0.61701500415802, -0.004948117770254612, -0.005202569533139467, 0.7869188189506531, -0.24612216651439667, -0.1576128900051117, 10.021469116210938, 0.24140135943889618, 0.32101041078567505, -0.8104599714279175, 1.58935546875, -0.560546875, -1.21875, 0, 
472, 1654361704, 0.6170030236244202, -0.004942941013723612, -0.005202320404350758, 0.7869280576705933, -0.2395201027393341, -0.13654062151908875, 9.820080757141113, 0.3408358097076416, 0.2537730038166046, -0.7522901296615601, 1.5888671875, -0.5615234375, -1.22216796875, 0, 
473, 1654370037, 0.6169977784156799, -0.004941296298056841, -0.005198691505938768, 0.7869321703910828, -0.2409578263759613, -0.11187762022018433, 9.946407318115234, 0.35261836647987366, 0.34006738662719727, -0.6685314774513245, 1.58740234375, -0.564453125, -1.220703125, 0, 
474, 1654378370, 0.6169987916946411, -0.00493328832089901, -0.005192460026592016, 0.7869314551353455, -0.22436322271823883, -0.14453749358654022, 9.82028865814209, 0.4283340275287628, 0.2743668556213379, -0.7764186859130859, 1.59228515625, -0.5615234375, -1.22216796875, 0, 
475, 1654386703, 0.6169924736022949, -0.0049277255311608315, -0.0051940251141786575, 0.7869364023208618, -0.24018532037734985, -0.11452417075634003, 9.853026390075684, 0.3303852081298828, 0.2531326711177826, -0.6488597393035889, 1.58837890625, -0.56201171875, -1.2197265625, 0, 
476, 1654395036, 0.6169871687889099, -0.004906085319817066, -0.005202632397413254, 0.7869408130645752, -0.22875507175922394, -0.20298337936401367, 9.867918968200684, 0.3836115896701813, 0.0003714064077939838, -0.6680192947387695, 1.587890625, -0.5625, -1.22021484375, 0, 
477, 1654403369, 0.6170220375061035, -0.004581357352435589, -0.005377727095037699, 0.7869141697883606, 0.0030803894624114037, 0.22006165981292725, 10.238354682922363, 1.161413550376892, -4.668527603149414, -1.3979994058609009, 1.58837890625, -0.56103515625, -1.2158203125, 0, 
478, 1654411702, 0.6171547770500183, -0.003809028072282672, -0.0057888939045369625, 0.7868114709854126, 0.00045360252261161804, 0.07432007044553757, 10.071703910827637, 2.3973002433776855, -11.52115535736084, -3.352313995361328, 1.5869140625, -0.5615234375, -1.22216796875, 0, 
479, 1654420035, 0.6173391342163086, -0.0029012542217969894, -0.00629782909527421, 0.7866668701171875, -0.10856244713068008, -0.2675720155239105, 9.72503662109375, 2.4966325759887695, -13.792498588562012, -4.081218719482422, 1.58642578125, -0.56201171875, -1.21923828125, 0, 
480, 1654428368, 0.6174752116203308, -0.0024771918542683125, -0.006477557122707367, 0.7865598797798157, -0.3649381697177887, 0.02380419336259365, 10.253613471984863, 1.9474886655807495, -5.776035308837891, -3.3779795169830322, 1.58349609375, -0.5634765625, -1.22216796875, 0, 
481, 1654436701, 0.6175410747528076, -0.0015487732598558068, -0.006977303884923458, 0.7865062355995178, -0.20931707322597504, 0.20857219398021698, 10.65740966796875, 2.776186227798462, -13.949718475341797, -2.0283915996551514, 1.5869140625, -0.564453125, -1.224609375, 0, 
482, 1654445034, 0.6175717711448669, -0.0002970153000205755, -0.007553822826594114, 0.7864783406257629, -0.14931383728981018, 0.01684441789984703, 10.42960262298584, 4.684422016143799, -18.119129180908203, -1.6521953344345093, 1.58203125, -0.5634765625, -1.220703125, 0, 
483, 1654453367, 0.6175604462623596, 0.0008158415439538658, -0.007899213582277298, 0.7864834666252136, -0.19999723136425018, 0.09405367821455002, 9.964408874511719, 6.0167717933654785, -14.64161205291748, -0.7102572321891785, 1.58349609375, -0.5625, -1.224609375, 0, 
484, 1654461700, 0.6175013780593872, 0.0011760840425267816, -0.0077550229616463184, 0.7865308523178101, -0.25287961959838867, 0.10401264578104019, 9.988358497619629, 4.9208149909973145, -2.3519504070281982, 0.046374574303627014, 1.58203125, -0.56591796875, -1.224609375, 0, 
485, 1654470033, 0.6174765229225159, 0.00048191184760071337, -0.006989373359829187, 0.7865583896636963, -0.2248072624206543, -0.20017428696155548, 10.542723655700684, 2.6897380352020264, 14.33555793762207, -0.19594889879226685, 1.5830078125, -0.5625, -1.2216796875, 0, 
486, 1654478366, 0.6174892783164978, -0.001043663127347827, -0.005883942823857069, 0.7865568399429321, -0.10706882923841476, -0.13797441124916077, 11.10633659362793, -0.7047504782676697, 26.199983596801758, -0.9619430303573608, 1.5830078125, -0.56640625, -1.21875, 0, 
487, 1654486699, 0.6175721883773804, -0.003288347739726305, -0.004736261907964945, 0.7864933013916016, -0.0036012325435876846, -0.07114744186401367, 11.388635635375977, -6.350288391113281, 34.360496520996094, -1.9982198476791382, 1.58447265625, -0.5634765625, -1.21826171875, 0, 
488, 1654495032, 0.6176990866661072, -0.006064859218895435, -0.0038586605805903673, 0.7863819003105164, 0.07816789299249649, -0.18011555075645447, 11.5718994140625, -13.790389060974121, 37.82337951660156, -3.046407461166382, 1.59326171875, -0.55859375, -1.21923828125, 0, 
489, 1654503365, 0.6178061366081238, -0.00913305301219225, -0.003711497178301215, 0.7862688899040222, 0.022405724972486496, -0.18989062309265137, 11.329949378967285, -24.167325973510742, 34.771751403808594, -2.7022805213928223, 1.59423828125, -0.55908203125, -1.216796875, 0, 
490, 1654511698, 0.6178605556488037, -0.012308470904827118, -0.004561400506645441, 0.7861782312393188, -0.02833821438252926, -0.2706710994243622, 11.180520057678223, -35.86483383178711, 27.454730987548828, -2.06177020072937, 1.6025390625, -0.55859375, -1.21875, 0, 
491, 1654520031, 0.6178610324859619, -0.01530339103192091, -0.006459447089582682, 0.7861120700836182, -0.23627513647079468, -0.544549822807312, 11.291023254394531, -45.67158126831055, 16.589488983154297, -1.4597325325012207, 1.6025390625, -0.552734375, -1.21875, 0, 
492, 1654528364, 0.6178452372550964, -0.018104860559105873, -0.009263409301638603, 0.7860369682312012, -0.1546972692012787, -0.4654468595981598, 10.656213760375977, -53.82476806640625, 6.801608085632324, -1.569618821144104, 1.60400390625, -0.54541015625, -1.22119140625, 0, 
493, 1654536697, 0.6178452372550964, -0.020712075755000114, -0.012797663919627666, 0.7859230637550354, -0.33806341886520386, -0.5500484704971313, 10.69267749786377, -60.06810760498047, -1.4906765222549438, -2.2753965854644775, 1.60498046875, -0.54150390625, -1.22314453125, 0, 
494, 1654545030, 0.6178236603736877, -0.022994862869381905, -0.01682920940220356, 0.7858003973960876, -0.392917275428772, -0.7364110946655273, 10.523249626159668, -62.69618606567383, -9.225178718566895, -2.31381893157959, 1.60400390625, -0.533203125, -1.23046875, 0, 
495, 1654553363, 0.6177807450294495, -0.025057541206479073, -0.021063366904854774, 0.7856690883636475, -0.49861782789230347, -0.6730983257293701, 10.210514068603516, -63.02273178100586, -13.325470924377441, -2.27360463142395, 1.60546875, -0.52734375, -1.23828125, 0, 
496, 1654561696, 0.6177336573600769, -0.02707650698721409, -0.025299055501818657, 0.7855139374732971, -0.546180784702301, -0.7359881401062012, 9.764643669128418, -62.67824172973633, -13.806151390075684, -2.4436841011047363, 1.60400390625, -0.51904296875, -1.240234375, 0, 
497, 1654570029, 0.6177182793617249, -0.029148943722248077, -0.029377423226833344, 0.785309910774231, -0.5488202571868896, -0.8448120951652527, 9.5201416015625, -61.43626022338867, -11.860481262207031, -3.1247169971466064, 1.603515625, -0.515625, -1.24658203125, 0, 
498, 1654578362, 0.6177499890327454, -0.031161922961473465, -0.03326619416475296, 0.7850525975227356, -0.455403208732605, -1.0590689182281494, 9.579118728637695, -58.891231536865234, -10.867486953735352, -4.033639430999756, 1.60595703125, -0.50732421875, -1.25146484375, 0, 
499, 1654586695, 0.6178655028343201, -0.03301671892404556, -0.0369684100151062, 0.7847203016281128, -0.35757800936698914, -1.2361801862716675, 9.268826484680176, -55.526790618896484, -10.903523445129395, -5.56721830368042, 1.603515625, -0.5009765625, -1.2529296875, 0, 
500, 1654595028, 0.6179710030555725, -0.03478742390871048, -0.04058168828487396, 0.7843819260597229, -0.3911419212818146, -1.1424134969711304, 8.947568893432617, -53.86500930786133, -11.075470924377441, -5.517526149749756, 1.603515625, -0.49755859375, -1.259765625, 0, 
501, 1654603361, 0.6180161833763123, -0.03658011555671692, -0.04402075707912445, 0.7840792536735535, -0.3626331686973572, -1.0453391075134277, 8.850174903869629, -52.1778564453125, -9.392173767089844, -4.46231746673584, 1.60107421875, -0.4873046875, -1.259765625, 0, 
502, 1654611694, 0.6180150508880615, -0.038449134677648544, -0.04718398675322533, 0.7838066816329956, -0.256438672542572, -1.0893278121948242, 8.761555671691895, -49.85855484008789, -6.271454811096191, -3.525448799133301, 1.60546875, -0.48486328125, -1.2646484375, 0, 
503, 1654620027, 0.6180105805397034, -0.04030877724289894, -0.05007769539952278, 0.7835372090339661, -0.16462279856204987, -1.1162914037704468, 8.664896965026855, -46.870426177978516, -4.081174850463867, -3.3265013694763184, 1.6025390625, -0.47802734375, -1.26806640625, 0, 
504, 1654628360, 0.6179917454719543, -0.04200834780931473, -0.05274354666471481, 0.7832878828048706, -0.12160737067461014, -1.1173561811447144, 8.625734329223633, -43.05213928222656, -3.89406156539917, -2.982346773147583, 1.60205078125, -0.4736328125, -1.26953125, 0, 
505, 1654636693, 0.6179418563842773, -0.043300483375787735, -0.05523526296019554, 0.7830851674079895, -0.10428871214389801, -1.1349323987960815, 8.556864738464355, -37.69575119018555, -6.849177837371826, -2.4468793869018555, 1.6025390625, -0.46728515625, -1.2734375, 0, 
506, 1654645026, 0.6178374290466309, -0.0440361388027668, -0.05758395045995712, 0.7829573154449463, -0.052982397377491, -1.1474753618240356, 8.383820533752441, -31.403291702270508, -11.713606834411621, -1.5611379146575928, 1.60205078125, -0.46435546875, -1.2744140625, 0, 
507, 1654653359, 0.6176630258560181, -0.04418317973613739, -0.05974539369344711, 0.7829247713088989, -0.06657905876636505, -1.3171348571777344, 8.124725341796875, -24.352266311645508, -16.571935653686523, -0.35055670142173767, 1.60009765625, -0.46337890625, -1.279296875, 0, 
508, 1654661692, 0.6174290180206299, -0.04379281774163246, -0.061694175004959106, 0.7829799652099609, -0.1284448206424713, -1.304487943649292, 7.790891170501709, -17.463361740112305, -20.655588150024414, 0.7227957844734192, 1.59814453125, -0.458984375, -1.2763671875, 0, 
509, 1654670025, 0.6171463131904602, -0.04294292628765106, -0.06335550546646118, 0.7831172943115234, -0.21879398822784424, -1.2683988809585571, 7.55873441696167, -10.424769401550293, -23.251028060913086, 1.7277709245681763, 1.59521484375, -0.4580078125, -1.27880859375, 0, 
510, 1654678358, 0.6168496012687683, -0.04177919030189514, -0.0646234080195427, 0.7833104729652405, -0.2122095227241516, -1.2628997564315796, 7.18473482131958, -3.486560344696045, -23.338855743408203, 2.3131330013275146, 1.59521484375, -0.45703125, -1.2861328125, 0, 
511, 1654686691, 0.6165920495986938, -0.04037640616297722, -0.06536788493394852, 0.7835249900817871, -0.2444383054971695, -1.256757140159607, 7.005289077758789, 4.223443031311035, -21.449064254760742, 2.159396171569824, 1.58984375, -0.45849609375, -1.28125, 0, 
512, 1654695024, 0.6163709759712219, -0.038661982864141464, -0.06549582630395889, 0.7837746739387512, -0.2928360402584076, -1.2777403593063354, 6.937417984008789, 13.559555053710938, -19.56867027282715, 2.128274917602539, 1.587890625, -0.45751953125, -1.28564453125, 0, 
513, 1654703357, 0.6162124276161194, -0.03661300614476204, -0.06481418758630753, 0.7840543985366821, -0.2561621069908142, -1.2063169479370117, 6.909661293029785, 25.181461334228516, -16.270633697509766, 1.8373488187789917, 1.583984375, -0.46142578125, -1.28466796875, 0, 
514, 1654711690, 0.6161317825317383, -0.034310005605220795, -0.0631178617477417, 0.7843601107597351, -0.2644515335559845, -1.2141321897506714, 6.811058521270752, 38.33715057373047, -10.353955268859863, 1.4999847412109375, 1.58251953125, -0.46533203125, -1.28125, 0, 
515, 1654720023, 0.616141676902771, -0.03179432451725006, -0.06031089648604393, 0.784679114818573, -0.19358205795288086, -1.2232887744903564, 6.575722694396973, 52.17192459106445, -3.1672844886779785, 0.9778898358345032, 1.5830078125, -0.470703125, -1.28173828125, 0, 
516, 1654728356, 0.616203248500824, -0.029014497995376587, -0.0564550906419754, 0.7850253582000732, -0.2954612672328949, -1.0892248153686523, 6.238407611846924, 65.7745361328125, 2.900681972503662, 0.8892654776573181, 1.57763671875, -0.4755859375, -1.2802734375, 0, 
517, 1654736689, 0.6162375807762146, -0.02625199779868126, -0.05122308060526848, 0.7854543924331665, -0.541041910648346, -0.8501396775245667, 5.930634498596191, 80.53759002685547, 14.695627212524414, 2.4476468563079834, 1.580078125, -0.484375, -1.27197265625, 0, 
518, 1654745022, 0.6162629127502441, -0.02377919666469097, -0.044247858226299286, 0.7859368920326233, -0.49379271268844604, -0.5033189058303833, 5.562053203582764, 96.94570922851562, 32.572811126708984, 3.831937551498413, 1.57666015625, -0.4931640625, -1.265625, 0, 
519, 1654753355, 0.6163480877876282, -0.021582171320915222, -0.03553064167499542, 0.7863757610321045, -0.3648490011692047, -0.37984758615493774, 5.006877899169922, 113.42816925048828, 50.36509323120117, 3.551525592803955, 1.58251953125, -0.5068359375, -1.2587890625, 0, 
520, 1654761688, 0.6165072917938232, -0.019023457542061806, -0.025577528402209282, 0.7867037653923035, -0.2672605514526367, -0.1312873661518097, 5.751554489135742, 129.82960510253906, 56.99924850463867, 2.0035934448242188, 1.58447265625, -0.5224609375, -1.2490234375, 0, 
521, 1654770021, 0.6167205572128296, -0.015022789128124714, -0.014797034673392773, 0.7868998646736145, 0.08091160655021667, -0.24135801196098328, 7.05883264541626, 150.97157287597656, 48.46731948852539, 0.008644996210932732, 1.59228515625, -0.53466796875, -1.23828125, 0, 
522, 1654778354, 0.6165444850921631, -0.0004421109042596072, -0.007342222146689892, 0.7872859835624695, 1.0286078453063965, -2.01138973236084, 2.6333255767822266, 204.6782989501953, -94.34757232666016, 2.992990732192993, 1.5888671875, -0.5517578125, -1.228515625, 0, 
523, 1654786687, 0.6171504259109497, -0.005079740658402443, -0.006415945012122393, 0.7868030071258545, 0.898232638835907, 5.327744483947754, -25.96811294555664, -29.037893295288086, 58.45292282104492, -10.941572189331055, 1.5810546875, -0.5654296875, -1.22705078125, 0, 
524, 1654795020, 0.6179307699203491, -0.0039868843741714954, -0.006543840281665325, 0.7861952781677246, -2.891951322555542, 3.26645565032959, 25.4689884185791, 8.192215919494629, -12.470269203186035, -14.464593887329102, 1.5888671875, -0.56396484375, -1.224609375, 0, 
525, 1654803353, 0.6180890798568726, -0.0046512833796441555, -0.0054183597676455975, 0.7860757112503052, 0.13907676935195923, 0.2884456515312195, 8.743489265441895, 6.819753646850586, 17.095651626586914, -3.3658907413482666, 1.59326171875, -0.564453125, -1.22119140625, 0, 
526, 1654811686, 0.6182391047477722, -0.004611043259501457, -0.005305425263941288, 0.7859588265419006, -0.2185259312391281, -1.3633469343185425, 8.716704368591309, 1.8638837337493896, 0.8704612851142883, -3.3716015815734863, 1.59228515625, -0.56201171875, -1.22021484375, 0, 
527, 1654820019, 0.6182770729064941, -0.004608709365129471, -0.005210514646023512, 0.7859296202659607, 0.27757126092910767, 0.3405405879020691, 9.791070938110352, 1.34657883644104, 1.1139246225357056, -1.4117029905319214, 1.5927734375, -0.56201171875, -1.22021484375, 0, 
528, 1654828352, 0.6183333396911621, -0.004641365725547075, -0.005367650184780359, 0.7858840823173523, 0.1494683176279068, 0.5555874109268188, 9.552297592163086, -1.6766822338104248, -0.6519335508346558, -1.7621824741363525, 1.59521484375, -0.5654296875, -1.2236328125, 0, 
529, 1654836685, 0.6184163093566895, -0.0046451338566839695, -0.005196108017116785, 0.785819947719574, -0.06497333943843842, -0.17032824456691742, 9.989526748657227, 2.121537208557129, 1.8371937274932861, -2.1902730464935303, 1.59326171875, -0.56201171875, -1.2216796875, 0, 
530, 1654845018, 0.6184325218200684, -0.0046538738533854485, -0.005308802705258131, 0.7858062982559204, -0.3174578547477722, 0.23733827471733093, 10.649245262145996, -1.0008505582809448, -0.561079740524292, -1.0576117038726807, 1.5927734375, -0.56640625, -1.220703125, 0, 
531, 1654853351, 0.618462860584259, -0.004615952260792255, -0.005248542409390211, 0.785783052444458, -0.1693972498178482, -0.24524131417274475, 9.563493728637695, 1.274423360824585, 0.4340716302394867, -1.2840157747268677, 1.59521484375, -0.5634765625, -1.21923828125, 0, 
532, 1654861684, 0.6184796094894409, -0.0046065025962889194, -0.0053231422789394855, 0.7857694625854492, -0.21358388662338257, -0.067158043384552, 9.412047386169434, -0.42944830656051636, -0.41487380862236023, -1.062171220779419, 1.59130859375, -0.56298828125, -1.22119140625, 0, 
533, 1654870017, 0.6185120940208435, -0.004613123834133148, -0.00525100901722908, 0.785744309425354, -0.16819998621940613, -0.20841118693351746, 10.001073837280273, 1.0238137245178223, 1.0159246921539307, -1.3200552463531494, 1.59228515625, -0.5654296875, -1.22216796875, 0, 
534, 1654878350, 0.6185302138328552, -0.004600561689585447, -0.00529437093064189, 0.7857298254966736, -0.2303716093301773, -0.2602347433567047, 10.201849937438965, -0.06744228303432465, -0.18998077511787415, -1.083225965499878, 1.59326171875, -0.56591796875, -1.220703125, 0, 
535, 1654886683, 0.618546724319458, -0.0045866831205785275, -0.00525831850245595, 0.7857171297073364, -0.20593780279159546, -0.055792346596717834, 9.780219078063965, 0.8069892525672913, 0.4865295886993408, -1.044215440750122, 1.59033203125, -0.56298828125, -1.2197265625, 0, 
536, 1654895016, 0.6185563802719116, -0.004601053427904844, -0.005280068144202232, 0.7857093214988708, -0.1641148328781128, -0.09588386118412018, 9.281021118164062, -0.06324154138565063, 0.2823584973812103, -0.9314616322517395, 1.5947265625, -0.564453125, -1.22265625, 0, 
537, 1654903349, 0.6185644865036011, -0.004613377619534731, -0.005248374305665493, 0.7857031226158142, -0.31014010310173035, 0.03586435317993164, 10.124484062194824, 0.5384496450424194, 0.7304539680480957, -0.897113025188446, 1.59375, -0.56298828125, -1.2236328125, 0, 
538, 1654911682, 0.6185632348060608, -0.004623292945325375, -0.0052709272131323814, 0.7857037782669067, -0.22404849529266357, -0.11021815985441208, 10.0567045211792, -0.03580869734287262, 0.2256229817867279, -0.7421467900276184, 1.59423828125, -0.5654296875, -1.22119140625, 0, 
539, 1654920015, 0.6185620427131653, -0.004611401818692684, -0.005263760685920715, 0.7857047915458679, -0.26274538040161133, -0.06228695809841156, 10.048614501953125, 0.4794600307941437, 0.25979235768318176, -0.7369471788406372, 1.59228515625, -0.56298828125, -1.22216796875, 0, 
540, 1654928348, 0.6185592412948608, -0.00460556335747242, -0.005274899769574404, 0.7857069969177246, -0.2090775966644287, -0.2041492909193039, 9.661730766296387, 0.22254927456378937, 0.15075258910655975, -0.7138431668281555, 1.5947265625, -0.56494140625, -1.22021484375, 0, 
541, 1654936681, 0.6185572147369385, -0.004604069981724024, -0.0052660005167126656, 0.7857087254524231, -0.23273205757141113, -0.11852260679006577, 9.651896476745605, 0.4091746211051941, 0.38786354660987854, -0.7229618430137634, 1.59228515625, -0.56396484375, -1.22265625, 0, 
542, 1654945014, 0.6185529828071594, -0.004612476099282503, -0.005262874998152256, 0.7857118248939514, -0.18381376564502716, -0.16191890835762024, 9.751678466796875, 0.25098106265068054, 0.4126068651676178, -0.6863846182823181, 1.59375, -0.56494140625, -1.22265625, 0, 
543, 1654953347, 0.6185539960861206, -0.004623470362275839, -0.005263423081487417, 0.785710871219635, -0.20252560079097748, -0.1489722579717636, 10.11945629119873, 0.20021365582942963, 0.44155097007751465, -0.7788520455360413, 1.59228515625, -0.5654296875, -1.22314453125, 0, 
544, 1654961680, 0.6185566782951355, -0.004622296895831823, -0.005260657053440809, 0.7857091426849365, -0.2112019956111908, -0.2045641541481018, 9.960226058959961, 0.32851535081863403, 0.30779343843460083, -0.803877055644989, 1.59033203125, -0.56494140625, -1.22119140625, 0, 
545, 1654970013, 0.6185572743415833, -0.004616056103259325, -0.005265222862362862, 0.7857087254524231, -0.19836263358592987, -0.16865688562393188, 9.702066421508789, 0.3049246370792389, 0.222369983792305, -0.7709628343582153, 1.59033203125, -0.5634765625, -1.22265625, 0, 
546, 1654978346, 0.6185594797134399, -0.004620218183845282, -0.005267690401524305, 0.7857069373130798, -0.20163148641586304, -0.12070422619581223, 9.679841995239258, 0.22984933853149414, 0.33020588755607605, -0.7980883121490479, 1.59130859375, -0.5654296875, -1.22216796875, 0, 
547, 1654986679, 0.6185649037361145, -0.0046364120207726955, -0.005270711146295071, 0.7857025861740112, -0.2367304265499115, -0.13154049217700958, 9.88813304901123, 0.12908293306827545, 0.4772059917449951, -0.8551055788993835, 1.59326171875, -0.5625, -1.21923828125, 0, 
548, 1654995012, 0.6185657978057861, -0.0046455999836325645, -0.005295237991958857, 0.7857015132904053, -0.22526448965072632, -0.16390739381313324, 10.020296096801758, -0.05256040766835213, 0.1896093636751175, -0.7800815105438232, 1.595703125, -0.5654296875, -1.21826171875, 0, 
549, 1655003345, 0.6185699701309204, -0.004641283769160509, -0.005288258194923401, 0.7856982946395874, -0.252938836812973, -0.1712462157011032, 9.812971115112305, 0.41181281208992004, 0.3401954472064972, -0.831309974193573, 1.5927734375, -0.56494140625, -1.21826171875, 0, 
550, 1655011678, 0.6185688972473145, -0.004648146219551563, -0.005300838500261307, 0.7856990098953247, -0.2523093819618225, -0.11675585806369781, 9.827398300170898, 0.0960661843419075, 0.2662983536720276, -0.7430176734924316, 1.59326171875, -0.5625, -1.2216796875, 0, 
551, 1655020011, 0.618569552898407, -0.00464075431227684, -0.005288729909807444, 0.7856985926628113, -0.23316122591495514, -0.10065480321645737, 9.851431846618652, 0.4943675398826599, 0.35136327147483826, -0.7699126601219177, 1.59228515625, -0.56640625, -1.22314453125, 0, 
552, 1655028344, 0.6185672283172607, -0.0046393717639148235, -0.005293018650263548, 0.7857004404067993, -0.22833998501300812, -0.12672670185565948, 9.884592056274414, 0.2538498640060425, 0.24178555607795715, -0.7204515933990479, 1.5908203125, -0.5625, -1.22314453125, 0, 
553, 1655036677, 0.6185678839683533, -0.004637755919247866, -0.005294583272188902, 0.7856999039649963, -0.22742463648319244, -0.15955130755901337, 9.881080627441406, 0.2962670624256134, 0.2957291603088379, -0.7712447047233582, 1.5947265625, -0.56494140625, -1.2216796875, 0, 
554, 1655045010, 0.6185718178749084, -0.004634518641978502, -0.0052942149341106415, 0.785696804523468, -0.047738075256347656, 0.03348245844244957, 9.795053482055664, 0.32047247886657715, 0.26281484961509705, -0.8284924030303955, 1.5927734375, -0.56396484375, -1.22021484375, 0, 
555, 1655053343, 0.6186004281044006, -0.00462361192330718, -0.005306284874677658, 0.7856742739677429, 0.1772259920835495, 0.42110931873321533, 9.835173606872559, 0.2625843286514282, 0.11105051636695862, -1.262448787689209, 1.5947265625, -0.56298828125, -1.2216796875, 0, 
556, 1655061676, 0.6185771226882935, -0.004608803428709507, -0.005326587241142988, 0.7856925129890442, -0.18780504167079926, -0.1320057213306427, 9.881587982177734, 0.19480906426906586, -0.04257085919380188, -0.35680630803108215, 1.59130859375, -0.56298828125, -1.22119140625, 0, 
557, 1655070009, 0.6185085773468018, -0.004387781023979187, -0.005446034949272871, 0.7857469320297241, -0.16760893166065216, -0.01540984958410263, 10.159732818603516, 0.8899538516998291, -3.0843896865844727, 0.4198557734489441, 1.59375, -0.5654296875, -1.22265625, 0, 
558, 1655078342, 0.6184062361717224, -0.003883864264935255, -0.005709566175937653, 0.7858285307884216, -0.02937105856835842, 0.09433556348085403, 10.113590240478516, 1.7269761562347412, -7.405051231384277, 0.9857767820358276, 1.591796875, -0.56640625, -1.220703125, 0, 
559, 1655086675, 0.6182646751403809, -0.003120256820693612, -0.006111498456448317, 0.7859402894973755, -0.06545529514551163, -0.005217000842094421, 9.992616653442383, 2.4510903358459473, -11.360579490661621, 1.639836072921753, 1.58837890625, -0.56396484375, -1.21923828125, 0, 
560, 1655095008, 0.618132472038269, -0.002599121304228902, -0.00631556985899806, 0.7860444188117981, -0.013035792857408524, -0.13860972225666046, 9.96277141571045, 2.521350383758545, -7.072141647338867, 1.5013399124145508, 1.59033203125, -0.5673828125, -1.22119140625, 0, 
561, 1655103341, 0.6180156469345093, -0.002001871820539236, -0.006428205408155918, 0.7861371636390686, 0.21013988554477692, -0.10053656995296478, 11.17719554901123, 4.163555145263672, -7.098780155181885, 1.2337223291397095, 1.58642578125, -0.56396484375, -1.2236328125, 0, 
562, 1655111674, 0.6179361939430237, -0.0006112137925811112, -0.0068880110047757626, 0.7861980199813843, 0.0010810159146785736, 0.08941672742366791, 11.164462089538574, 7.140956401824951, -18.64898681640625, 0.4822777807712555, 1.5869140625, -0.56640625, -1.22265625, 0, 
563, 1655120007, 0.617685854434967, 0.0006263148970901966, -0.007062708027660847, 0.7863932251930237, 0.05823156610131264, 0.0355968102812767, 10.438041687011719, 8.943610191345215, -14.563182830810547, 3.4865214824676514, 1.5830078125, -0.56201171875, -1.21875, 0, 
564, 1655128340, 0.6172446012496948, 0.0004577015934046358, -0.006398297846317291, 0.7867453098297119, -0.27876436710357666, 0.1582992821931839, 10.477094650268555, 6.091078281402588, 7.753339767456055, 7.013344764709473, 1.58447265625, -0.56591796875, -1.22021484375, 0, 
565, 1655136673, 0.6167132258415222, -0.0011198074789717793, -0.005354038905352354, 0.7871691584587097, -0.38143542408943176, -0.013652140274643898, 10.849102020263672, -1.7512463331222534, 26.21353530883789, 8.71884822845459, 1.58642578125, -0.5703125, -1.21923828125, 0, 
566, 1655145006, 0.6161612272262573, -0.004471658729016781, -0.0035519555676728487, 0.7875994443893433, -0.16853608191013336, -0.4135262370109558, 11.306358337402344, -8.599769592285156, 51.84424591064453, 8.87826156616211, 1.5849609375, -0.56884765625, -1.21875, 0, 
567, 1655153339, 0.6159823536872864, -0.008003408089280128, -0.0027809939347207546, 0.787714421749115, -0.30796822905540466, -0.5105881094932556, 11.555952072143555, -21.280071258544922, 45.09437942504883, 2.3713581562042236, 1.5947265625, -0.56689453125, -1.2158203125, 0, 
568, 1655161672, 0.6159559488296509, -0.010896237567067146, -0.00384176941588521, 0.7876960039138794, -0.46139219403266907, -0.3368016481399536, 11.332891464233398, -35.69550704956055, 22.682191848754883, -0.885075569152832, 1.59814453125, -0.56298828125, -1.216796875, 0, 
569, 1655170005, 0.6161066293716431, -0.013848638162016869, -0.006218630354851484, 0.7875165343284607, -0.43177860975265503, -0.5828478336334229, 10.758804321289062, -50.44242858886719, 12.209707260131836, -4.111222267150879, 1.60205078125, -0.55859375, -1.220703125, 0, 
570, 1655178338, 0.6162936687469482, -0.016833249479532242, -0.009550362825393677, 0.7872788310050964, -0.5331010818481445, -0.3626069128513336, 10.93380069732666, -61.053184509277344, 4.480776786804199, -5.1784210205078125, 1.6005859375, -0.55224609375, -1.2255859375, 0, 
571, 1655186671, 0.6164461374282837, -0.01965511403977871, -0.01357203908264637, 0.7870348691940308, -0.5194253921508789, -0.3042442798614502, 10.85678482055664, -67.1518783569336, -3.128739833831787, -5.038570880889893, 1.60205078125, -0.546875, -1.228515625, 0, 
572, 1655195004, 0.616592526435852, -0.022154279053211212, -0.01801406964659691, 0.7867646813392639, -0.4468207359313965, -0.585442841053009, 10.749293327331543, -68.97309875488281, -10.182496070861816, -5.370687484741211, 1.60546875, -0.53564453125, -1.23681640625, 0, 
573, 1655203337, 0.6167293787002563, -0.02435210533440113, -0.022600725293159485, 0.7864739894866943, -0.5017014741897583, -0.629633903503418, 10.544485092163086, -67.99040985107422, -14.661805152893066, -5.556622505187988, 1.60009765625, -0.52978515625, -1.236328125, 0, 
574, 1655211670, 0.6167905330657959, -0.026373067870736122, -0.02709358185529709, 0.7862187027931213, -0.5877423286437988, -0.7200924158096313, 10.33145523071289, -65.49170684814453, -15.818492889404297, -4.462453365325928, 1.60009765625, -0.5244140625, -1.24462890625, 0, 
575, 1655220003, 0.6167845129966736, -0.028323817998170853, -0.03147326409816742, 0.7859923839569092, -0.5586322546005249, -0.816888689994812, 10.101836204528809, -63.68465805053711, -15.648358345031738, -3.4747633934020996, 1.59912109375, -0.5146484375, -1.24853515625, 0, 
576, 1655228336, 0.6167654395103455, -0.030186256393790245, -0.03587731719017029, 0.7857493758201599, -0.5717557668685913, -0.9223406910896301, 9.858572959899902, -63.21394729614258, -16.817167282104492, -3.5268890857696533, 1.59912109375, -0.5087890625, -1.2509765625, 0, 
577, 1655236669, 0.6167544722557068, -0.03212573379278183, -0.04032047092914581, 0.7854657173156738, -0.5575138330459595, -1.0812557935714722, 9.64154052734375, -64.3038101196289, -16.287668228149414, -3.9337215423583984, 1.59912109375, -0.50244140625, -1.26025390625, 0, 
578, 1655245002, 0.6167914271354675, -0.034072261303663254, -0.0448770597577095, 0.785107433795929, -0.47678810358047485, -1.1955729722976685, 9.715595245361328, -65.61681365966797, -17.140195846557617, -5.13462495803833, 1.5966796875, -0.49853515625, -1.26025390625, 0, 
579, 1655253335, 0.6169308423995972, -0.035788457840681076, -0.04965389519929886, 0.7846338748931885, -0.39582040905952454, -1.4868863821029663, 9.794780731201172, -66.05586242675781, -21.351810455322266, -7.4599738121032715, 1.5966796875, -0.4873046875, -1.2705078125, 0, 
580, 1655261668, 0.6172172427177429, -0.037482064217329025, -0.05459422618150711, 0.7840010523796082, -0.2855556905269623, -1.589414358139038, 9.116098403930664, -67.67647552490234, -22.842519760131836, -10.499527931213379, 1.595703125, -0.47802734375, -1.2734375, 0, 
581, 1655270001, 0.6175832152366638, -0.0391317680478096, -0.05961303040385246, 0.7832663655281067, -0.3281669616699219, -1.3935167789459229, 9.184049606323242, -68.175048828125, -23.831880569458008, -12.288436889648438, 1.59521484375, -0.4716796875, -1.2763671875, 0, 
582, 1655278334, 0.6179771423339844, -0.04069981351494789, -0.06445162743330002, 0.7824921011924744, -0.23663100600242615, -1.2589083909988403, 8.95994758605957, -65.56336975097656, -23.161693572998047, -12.901663780212402, 1.591796875, -0.46142578125, -1.2841796875, 0, 
583, 1655286667, 0.6183663010597229, -0.04225793108344078, -0.06885536760091782, 0.7817264795303345, -0.3124541640281677, -1.4269224405288696, 8.687617301940918, -60.78921127319336, -19.55597496032715, -12.536704063415527, 1.59130859375, -0.4560546875, -1.2880859375, 0, 
584, 1655295000, 0.6187236905097961, -0.04372846707701683, -0.07272780686616898, 0.7810119986534119, -0.20731516182422638, -1.4519449472427368, 8.44593620300293, -54.303558349609375, -16.048131942749023, -11.536991119384766, 1.591796875, -0.44384765625, -1.29248046875, 0, 
585, 1655303333, 0.6190856695175171, -0.04495168849825859, -0.07615165412425995, 0.7803289294242859, -0.12086506187915802, -1.475515365600586, 8.176026344299316, -47.34657669067383, -14.893916130065918, -11.295645713806152, 1.59033203125, -0.4384765625, -1.29541015625, 0, 
586, 1655311666, 0.6194776296615601, -0.045971788465976715, -0.07904671132564545, 0.7796704173088074, -0.07942985743284225, -1.5281413793563843, 7.797373294830322, -39.898075103759766, -12.558243751525879, -11.292001724243164, 1.591796875, -0.43408203125, -1.2978515625, 0, 
587, 1655319999, 0.6199118494987488, -0.046875424683094025, -0.08125229924917221, 0.7790445685386658, -0.09712889790534973, -1.4718362092971802, 7.5273823738098145, -31.451494216918945, -7.905585289001465, -11.159314155578613, 1.59375, -0.4306640625, -1.30126953125, 0, 
588, 1655328332, 0.620408833026886, -0.0476272851228714, -0.08275554329156876, 0.7784446477890015, -0.011800406500697136, -1.4659171104431152, 7.222115993499756, -22.564388275146484, -3.49065899848938, -11.32616138458252, 1.58984375, -0.427734375, -1.30517578125, 0, 
589, 1655336665, 0.6209542751312256, -0.048020489513874054, -0.0836566686630249, 0.77788907289505, -0.0027722902595996857, -1.469856858253479, 6.942078590393066, -12.976969718933105, -2.167630910873413, -11.482481002807617, 1.59423828125, -0.4228515625, -1.30419921875, 0, 
590, 1655344998, 0.6215265989303589, -0.0478760302066803, -0.08395393192768097, 0.7774085998535156, 0.08702617883682251, -1.4438413381576538, 6.733277320861816, -1.8196866512298584, -2.7802460193634033, -11.34656810760498, 1.5908203125, -0.42333984375, -1.306640625, 0, 
591, 1655353331, 0.6220847964286804, -0.04698321223258972, -0.08365646004676819, 0.7770485877990723, 0.15194138884544373, -1.505859136581421, 6.53602409362793, 11.061344146728516, -5.793813228607178, -10.638182640075684, 1.595703125, -0.42138671875, -1.306640625, 0, 
592, 1655361664, 0.6225551962852478, -0.045251522213220596, -0.08272310346364975, 0.7768744230270386, 0.16655540466308594, -1.5415998697280884, 6.240940093994141, 25.191396713256836, -9.539386749267578, -8.667451858520508, 1.58935546875, -0.423828125, -1.30078125, 0, 
593, 1655369997, 0.6228841543197632, -0.042814403772354126, -0.08098604530096054, 0.7769319415092468, 0.08946060389280319, -1.403037190437317, 5.77923583984375, 39.9918098449707, -10.498342514038086, -5.472566604614258, 1.59423828125, -0.427734375, -1.3046875, 0, 
594, 1655378330, 0.623083770275116, -0.039798054844141006, -0.07838562875986099, 0.7771991491317749, 0.03585558012127876, -1.308281660079956, 5.262625694274902, 54.33592224121094, -9.561359405517578, -2.4320526123046875, 1.59033203125, -0.43359375, -1.3037109375, 0, 
595, 1655386663, 0.6232162714004517, -0.03618326038122177, -0.07483959943056107, 0.7776191830635071, -0.00367632950656116, -1.1467921733856201, 4.768029689788818, 69.69739532470703, -8.009119033813477, -0.5317026376724243, 1.58984375, -0.43701171875, -1.2998046875, 0, 
596, 1655394996, 0.6233317255973816, -0.03192412108182907, -0.07019209116697311, 0.7781463265419006, -0.1206199899315834, -0.8836255073547363, 4.268434047698975, 87.09870147705078, -5.531712532043457, 0.4515435993671417, 1.58642578125, -0.4482421875, -1.29931640625, 0, 
597, 1655403329, 0.6234428286552429, -0.0270471703261137, -0.06413929164409637, 0.7787643074989319, -0.09025344997644424, -0.534111738204956, 3.852149486541748, 107.52057647705078, -0.13993199169635773, 1.2990775108337402, 1.5859375, -0.4619140625, -1.28955078125, 0, 
598, 1655411662, 0.6235420107841492, -0.021479997783899307, -0.05643153935670853, 0.7794545888900757, -0.00599296297878027, -0.09177505224943161, 3.6331303119659424, 131.2199249267578, 6.618599891662598, 2.0532805919647217, 1.58154296875, -0.47509765625, -1.2880859375, 0, 
599, 1655419995, 0.6236047148704529, -0.015027521178126335, -0.047042399644851685, 0.7801783680915833, 0.24986198544502258, 0.23500385880470276, 3.6776793003082275, 156.8507537841797, 11.509072303771973, 2.538490056991577, 1.5830078125, -0.4873046875, -1.27587890625, 0, 
600, 1655428328, 0.6235576868057251, -0.007355786394327879, -0.03589654713869095, 0.7809181809425354, 0.22840644419193268, 0.42108476161956787, 4.029191970825195, 186.143310546875, 13.418980598449707, 3.4321951866149902, 1.5791015625, -0.51123046875, -1.26416015625, 0, 
601, 1655436661, 0.6236587762832642, -0.001766885630786419, -0.009945722296833992, 0.7816314101219177, 4.058045864105225, -4.061686038970947, -1.585601568222046, 327.30694580078125, 162.8307342529297, 4.1375322341918945, 1.583984375, -0.5322265625, -1.24267578125, 0, 
602, 1655444994, 0.6230968832969666, -0.0049712173640728, -0.007503826171159744, 0.7820930480957031, -2.179391622543335, 7.338984489440918, 19.060293197631836, -0.8856915831565857, 55.624454498291016, 9.736727714538574, 1.5947265625, -0.5576171875, -1.22314453125, 0, 
603, 1655453327, 0.6233022809028625, -0.005133355502039194, -0.005148130003362894, 0.7819473743438721, 0.8323599696159363, -0.04320308566093445, 9.00441837310791, 24.24513816833496, 22.286466598510742, -4.040342330932617, 1.5966796875, -0.55712890625, -1.228515625, 0, 
604, 1655461660, 0.6235005855560303, -0.004124775063246489, -0.00530459126457572, 0.7817940711975098, -0.139555886387825, -1.7194982767105103, 7.07646369934082, 7.264081954956055, -11.839667320251465, -4.28797721862793, 1.59375, -0.56005859375, -1.2255859375, 0, 
605, 1655469993, 0.6236941814422607, -0.0043427953496575356, -0.005030478350818157, 0.7816401720046997, -1.4552600383758545, 0.5637285113334656, 15.783868789672852, 1.3786734342575073, 5.044710636138916, -4.129629135131836, 1.59375, -0.55908203125, -1.228515625, 0, 
606, 1655478326, 0.6236146688461304, -0.0036633850540965796, -0.005763906054198742, 0.7817021608352661, -0.5791301131248474, 0.9750128388404846, 10.52881908416748, -1.7584173679351807, -13.276116371154785, 0.5347356796264648, 1.59619140625, -0.55859375, -1.2265625, 0, 
607, 1655486659, 0.6237086057662964, -0.0038443519733846188, -0.005523159168660641, 0.7816281318664551, 0.3430708646774292, -0.4684215486049652, 7.343509674072266, 1.3358464241027832, 4.348490238189697, -2.3772058486938477, 1.5966796875, -0.5595703125, -1.22412109375, 0, 
608, 1655494992, 0.6237748265266418, -0.004477816168218851, -0.005261432845145464, 0.7815738320350647, -0.24602773785591125, 0.3589530289173126, 10.051552772521973, -2.3218023777008057, 9.389244079589844, -1.876345157623291, 1.5947265625, -0.56103515625, -1.22802734375, 0, 
609, 1655503325, 0.6238085627555847, -0.004634513054043055, -0.005078965798020363, 0.7815472483634949, -0.4384363889694214, 0.12392231822013855, 10.890379905700684, 0.916823148727417, 3.5798325538635254, -1.3283286094665527, 1.59521484375, -0.560546875, -1.22314453125, 0, 
610, 1655511658, 0.6238011717796326, -0.004598043859004974, -0.005141777917742729, 0.7815526723861694, -0.31942451000213623, -0.09318723529577255, 9.919641494750977, -0.0622682087123394, -0.6067756414413452, -0.6412011384963989, 1.59912109375, -0.55908203125, -1.2255859375, 0, 
611, 1655519991, 0.6238037943840027, -0.004569112788885832, -0.005141068249940872, 0.7815507650375366, -0.15591081976890564, -0.0727730318903923, 9.426102638244629, 0.5560722351074219, 0.023244917392730713, -0.8063616156578064, 1.59912109375, -0.560546875, -1.22705078125, 0, 
612, 1655528324, 0.6238073706626892, -0.004583385773003101, -0.005115384701639414, 0.781548023223877, -0.17743319272994995, -0.1799437254667282, 9.578500747680664, 0.4509257972240448, 0.6921862959861755, -0.8200141191482544, 1.59765625, -0.5576171875, -1.224609375, 0, 
613, 1655536657, 0.6238068342208862, -0.004587898962199688, -0.005125410854816437, 0.7815483212471008, -0.30104169249534607, -0.08963942527770996, 10.566473007202148, 0.15323716402053833, 0.2908112108707428, -0.7517778277397156, 1.5966796875, -0.56005859375, -1.22412109375, 0, 
614, 1655544990, 0.6238099336624146, -0.004561923444271088, -0.005085580050945282, 0.7815462946891785, -0.18884935975074768, -0.2763858437538147, 9.496593475341797, 0.9435131549835205, 0.3682686388492584, -0.8094097971916199, 1.59521484375, -0.560546875, -1.224609375, 0, 
615, 1655553323, 0.6238082051277161, -0.0045722294598817825, -0.005135613027960062, 0.7815473079681396, -0.22687387466430664, -0.05971193313598633, 9.567621231079102, -0.32668396830558777, 0.008849717676639557, -0.7350004315376282, 1.59814453125, -0.55712890625, -1.22412109375, 0, 
616, 1655561656, 0.6238185167312622, -0.004597748629748821, -0.005083414725959301, 0.7815392017364502, -0.23401956260204315, -0.19901354610919952, 9.729668617248535, 0.6331967115402222, 1.0212267637252808, -0.93507319688797, 1.595703125, -0.5576171875, -1.22607421875, 0, 
617, 1655569989, 0.6238051056861877, -0.004609228111803532, -0.005130277015268803, 0.7815495133399963, -0.2842325270175934, -0.004885391797870398, 10.351880073547363, -0.3021198809146881, 0.047962650656700134, -0.5293437838554382, 1.5986328125, -0.5576171875, -1.22412109375, 0, 
618, 1655578322, 0.6238071918487549, -0.004599710926413536, -0.005088701378554106, 0.7815482020378113, -0.20691028237342834, -0.21985693275928497, 9.898826599121094, 0.8181315660476685, 0.5471585392951965, -0.7915311455726624, 1.59765625, -0.55810546875, -1.224609375, 0, 
619, 1655586655, 0.6238000988960266, -0.004593197256326675, -0.005121695343405008, 0.7815536856651306, -0.25781702995300293, -0.12222056835889816, 9.812942504882812, 0.0011910619214177132, -0.025819147005677223, -0.6398435831069946, 1.5966796875, -0.55712890625, -1.22265625, 0, 
620, 1655594988, 0.6238011717796326, -0.004584420006722212, -0.005100539419800043, 0.7815530300140381, -0.20251813530921936, -0.19958558678627014, 9.517829895019531, 0.5957486629486084, 0.39203864336013794, -0.7763418555259705, 1.59716796875, -0.55712890625, -1.22509765625, 0, 
621, 1655603321, 0.6237993240356445, -0.004596341866999865, -0.005108338315039873, 0.7815544009208679, -0.22492830455303192, -0.1274135857820511, 9.765976905822754, 0.11363755166530609, 0.38788917660713196, -0.7279565334320068, 1.59814453125, -0.55859375, -1.22705078125, 0, 
622, 1655611654, 0.6238053441047668, -0.00460797967389226, -0.005080357659608126, 0.7815496325492859, -0.19262632727622986, -0.19769778847694397, 9.955756187438965, 0.49029484391212463, 0.6575045585632324, -0.8624056577682495, 1.5986328125, -0.556640625, -1.22412109375, 0, 
623, 1655619987, 0.6238077878952026, -0.004606335889548063, -0.005091696511954069, 0.7815476059913635, -0.2469232976436615, -0.18553759157657623, 10.1378173828125, 0.19155606627464294, 0.21312326192855835, -0.8054396510124207, 1.59765625, -0.55859375, -1.224609375, 0, 
624, 1655628320, 0.6238080859184265, -0.004600034095346928, -0.005090773571282625, 0.781547486782074, -0.20593750476837158, -0.1678629219532013, 9.726357460021973, 0.3515169322490692, 0.22349700331687927, -0.7645848989486694, 1.59716796875, -0.55712890625, -1.224609375, 0, 
625, 1655636653, 0.6238089799880981, -0.004592507146298885, -0.005093013867735863, 0.7815467715263367, -0.21774683892726898, -0.11772149056196213, 9.689133644104004, 0.33983683586120605, 0.2273903638124466, -0.7762137651443481, 1.5966796875, -0.55859375, -1.22412109375, 0, 
626, 1655644986, 0.6238150596618652, -0.004607850220054388, -0.005085410084575415, 0.7815418839454651, -0.24424096941947937, -0.13566797971725464, 9.77303695678711, 0.24029992520809174, 0.5196487307548523, -0.8673235774040222, 1.595703125, -0.5576171875, -1.2236328125, 0, 
627, 1655653319, 0.623816728591919, -0.004610359203070402, -0.005089203827083111, 0.78154057264328, -0.2350352704524994, -0.15494488179683685, 10.035266876220703, 0.2364834100008011, 0.32226547598838806, -0.7874583601951599, 1.59716796875, -0.55615234375, -1.2255859375, 0, 
628, 1655661652, 0.6238189935684204, -0.0046164970844984055, -0.005086508579552174, 0.7815386056900024, -0.26049238443374634, -0.15948714315891266, 9.811389923095703, 0.26355767250061035, 0.37382692098617554, -0.8039283752441406, 1.5947265625, -0.55810546875, -1.224609375, 0, 
629, 1655669985, 0.6238194108009338, -0.004628060385584831, -0.005097199231386185, 0.781538188457489, -0.24720224738121033, -0.13920147716999054, 9.890243530273438, 0.08666576445102692, 0.3606868386268616, -0.7692466378211975, 1.5966796875, -0.5546875, -1.22607421875, 0, 
630, 1655678318, 0.6238185167312622, -0.004619260784238577, -0.005095522850751877, 0.7815390229225159, -0.23827549815177917, -0.113816037774086, 9.848084449768066, 0.38243332505226135, 0.20654037594795227, -0.742838442325592, 1.59765625, -0.55859375, -1.22509765625, 0, 
631, 1655686651, 0.6238548159599304, -0.004603467416018248, -0.005116469692438841, 0.7815099954605103, 0.15063899755477905, 0.21367688477039337, 9.898626327514648, 0.21007513999938965, -0.018493477255105972, -1.4014573097229004, 1.5986328125, -0.55810546875, -1.22412109375, 0, 
632, 1655694984, 0.6239314675331116, -0.004542484413832426, -0.00512784905731678, 0.7814491391181946, -0.2007041573524475, -0.06976469606161118, 9.945531845092773, 0.6882928609848022, -0.4601084887981415, -2.110689640045166, 1.59765625, -0.5615234375, -1.2236328125, 0, 
633, 1655703317, 0.6239989995956421, -0.0042806449346244335, -0.005273294169455767, 0.7813957929611206, -0.16230013966560364, -0.16238899528980255, 9.99463939666748, 0.9841630458831787, -3.726512908935547, -1.9690176248550415, 1.5986328125, -0.55712890625, -1.224609375, 0, 
634, 1655711650, 0.6240642070770264, -0.003748555202037096, -0.005545675754547119, 0.781344473361969, -0.09284991770982742, -0.0750010758638382, 10.04095458984375, 1.9276888370513916, -7.7594475746154785, -1.9562360048294067, 1.59814453125, -0.55810546875, -1.22265625, 0, 
635, 1655719983, 0.6241265535354614, -0.002997244941070676, -0.005951679311692715, 0.7812949419021606, -0.00945950672030449, 0.0077216443605721, 9.944479942321777, 2.3840067386627197, -11.223287582397461, -1.9326709508895874, 1.5966796875, -0.55615234375, -1.22265625, 0, 
636, 1655728316, 0.6241280436515808, -0.002611247356981039, -0.0060684471391141415, 0.7812944054603577, 0.02190987579524517, -0.007296508178114891, 9.668407440185547, 2.3486075401306152, -4.853205680847168, -0.8171708583831787, 1.59619140625, -0.55712890625, -1.22509765625, 0, 
637, 1655736649, 0.6240116953849792, -0.00226487941108644, -0.006149500608444214, 0.7813878059387207, -0.05909501016139984, -0.011550375260412693, 10.773366928100586, 2.406496047973633, -4.101966381072998, 1.2605148553848267, 1.59619140625, -0.5595703125, -1.2275390625, 0, 
638, 1655744982, 0.6238332986831665, -0.0013649249449372292, -0.006391320377588272, 0.7815302014350891, 0.3163667321205139, 0.06034606695175171, 11.193347930908203, 5.416912078857422, -11.483684539794922, 2.2951512336730957, 1.59033203125, -0.56103515625, -1.2255859375, 0, 
639, 1655753315, 0.6234980821609497, -0.00016464522923342884, -0.0066081383265554905, 0.7817970514297485, 0.05588967353105545, 0.14352662861347198, 10.587977409362793, 8.28281307220459, -14.466950416564941, 5.022247791290283, 1.5908203125, -0.5625, -1.23046875, 0, 
640, 1655761648, 0.6229184865951538, 0.00016606049030087888, -0.00637543061748147, 0.7822608351707458, 0.0593874491751194, 0.17464354634284973, 9.878693580627441, 5.678560733795166, -1.2896767854690552, 9.418828010559082, 1.5859375, -0.5595703125, -1.22265625, 0, 
641, 1655769981, 0.6221718192100525, -0.0009998363675549626, -0.005644388031214476, 0.7828598618507385, -0.17651955783367157, 0.13524778187274933, 10.484643936157227, -1.7700724601745605, 19.068283081054688, 12.504451751708984, 1.59033203125, -0.5625, -1.2216796875, 0, 
642, 1655778314, 0.6214614510536194, -0.003164830384775996, -0.00489977840334177, 0.783423125743866, -0.10812538862228394, -0.15835373103618622, 11.43576717376709, -10.179285049438477, 29.929224014282227, 11.596380233764648, 1.58984375, -0.56298828125, -1.2265625, 0, 
643, 1655786647, 0.6209467053413391, -0.00575577188283205, -0.004668691195547581, 0.7838179469108582, -0.14919686317443848, -0.48875191807746887, 11.778491973876953, -19.34844970703125, 30.163700103759766, 8.342501640319824, 1.5947265625, -0.55810546875, -1.2216796875, 0, 
644, 1655794980, 0.6206207871437073, -0.00863658543676138, -0.0052622598595917225, 0.7840458154678345, -0.19988542795181274, -0.426408052444458, 11.341187477111816, -30.709407806396484, 26.268856048583984, 4.837779998779297, 1.59619140625, -0.5615234375, -1.22607421875, 0, 
645, 1655803313, 0.6204369068145752, -0.011737695895135403, -0.006964555010199547, 0.7841377854347229, -0.3203413188457489, -0.4923115670681, 10.987706184387207, -44.534942626953125, 19.210649490356445, 2.0293047428131104, 1.5966796875, -0.55224609375, -1.22705078125, 0, 
646, 1655811646, 0.6203241944313049, -0.014805392362177372, -0.009825148619711399, 0.7841445207595825, -0.38348105549812317, -0.4944550096988678, 10.97701358795166, -56.73857116699219, 8.986640930175781, 0.3459084630012512, 1.59912109375, -0.5517578125, -1.22412109375, 0, 
647, 1655819979, 0.6202552914619446, -0.01764085702598095, -0.01363285444676876, 0.7840834259986877, -0.46082624793052673, -0.341328889131546, 10.944613456726074, -64.96880340576172, -1.5760754346847534, -0.9313114881515503, 1.60107421875, -0.53955078125, -1.22998046875, 0, 
648, 1655828312, 0.6201838254928589, -0.020354757085442543, -0.01791018433868885, 0.7839881181716919, -0.4631851613521576, -0.3069118559360504, 10.691535949707031, -69.00463104248047, -6.8867998123168945, -1.3293589353561401, 1.60009765625, -0.5361328125, -1.23779296875, 0, 
649, 1655836645, 0.6200928092002869, -0.02307247184216976, -0.022220436483621597, 0.78387451171875, -0.5174594521522522, -0.5081952810287476, 10.432069778442383, -69.4007797241211, -7.123093128204346, -1.2850971221923828, 1.59912109375, -0.52978515625, -1.24072265625, 0, 
650, 1655844978, 0.6199774146080017, -0.02595772221684456, -0.026237044483423233, 0.7837511897087097, -0.4768114686012268, -0.6951474547386169, 10.183734893798828, -67.675048828125, -2.821829319000244, -0.9598204493522644, 1.60009765625, -0.51953125, -1.248046875, 0, 
651, 1655853311, 0.6198645830154419, -0.028882641345262527, -0.029959792271256447, 0.783604621887207, -0.4627920985221863, -0.9058030843734741, 10.198243141174316, -64.85307312011719, 0.12434475868940353, -1.0645570755004883, 1.60009765625, -0.51220703125, -1.251953125, 0, 
652, 1655861644, 0.6197440028190613, -0.03172149509191513, -0.03357129916548729, 0.7834438681602478, -0.5036354064941406, -1.0235120058059692, 9.84168815612793, -62.93339157104492, 0.13599924743175507, -1.0989056825637817, 1.59912109375, -0.5068359375, -1.251953125, 0, 
653, 1655869977, 0.6196073889732361, -0.0346229150891304, -0.03704775497317314, 0.7832724452018738, -0.5021443963050842, -1.1368584632873535, 9.620809555053711, -62.019649505615234, 1.9683709144592285, -0.9270079135894775, 1.60693359375, -0.49755859375, -1.25927734375, 0, 
654, 1655878310, 0.6194347739219666, -0.037600327283144, -0.040400270372629166, 0.7831059694290161, -0.5529462099075317, -1.0957633256912231, 9.571516036987305, -61.35599899291992, 3.7961320877075195, -0.40119707584381104, 1.60546875, -0.49169921875, -1.26171875, 0, 
655, 1655886643, 0.6192387938499451, -0.04059604927897453, -0.04368169233202934, 0.7829352021217346, -0.5759954452514648, -1.2028788328170776, 9.440811157226562, -60.75211715698242, 4.615713119506836, -0.1359095573425293, 1.60205078125, -0.4873046875, -1.26611328125, 0, 
656, 1655894976, 0.6190803050994873, -0.04351929947733879, -0.04694419354200363, 0.7827146649360657, -0.5322070717811584, -1.2906339168548584, 9.294209480285645, -59.95186233520508, 4.006475448608398, -1.0031589269638062, 1.609375, -0.482421875, -1.2666015625, 0, 
657, 1655903309, 0.6189932823181152, -0.04630656912922859, -0.050147056579589844, 0.7824248671531677, -0.5033911466598511, -1.3401697874069214, 9.259164810180664, -58.14202117919922, 3.1792094707489014, -2.407668113708496, 1.60546875, -0.4755859375, -1.27099609375, 0, 
658, 1655911642, 0.6189832091331482, -0.04892108216881752, -0.05310356989502907, 0.7820783257484436, -0.4408845007419586, -1.4383952617645264, 9.446213722229004, -54.016258239746094, 3.484044075012207, -3.682260513305664, 1.607421875, -0.46728515625, -1.27587890625, 0, 
659, 1655919975, 0.6190677285194397, -0.051299747079610825, -0.055903419852256775, 0.781663715839386, -0.39502906799316406, -1.5641032457351685, 8.894137382507324, -50.305824279785156, 2.4172844886779785, -5.342679977416992, 1.60595703125, -0.45751953125, -1.2802734375, 0, 
660, 1655928308, 0.619251012802124, -0.053676944226026535, -0.05848972871899605, 0.7811698317527771, -0.34928086400032043, -1.6159687042236328, 8.837556838989258, -47.995033264160156, 4.330928325653076, -6.936810493469238, 1.609375, -0.4560546875, -1.283203125, 0, 
661, 1655936641, 0.6194671988487244, -0.05584577098488808, -0.06092677265405655, 0.7806599140167236, -0.3599601089954376, -1.4284149408340454, 8.942002296447754, -44.598873138427734, 3.4212613105773926, -7.477065563201904, 1.60986328125, -0.45068359375, -1.28173828125, 0, 
662, 1655944974, 0.6196292042732239, -0.05788343399763107, -0.06315309554338455, 0.7802056074142456, -0.2789216637611389, -1.3994121551513672, 8.603435516357422, -41.21615982055664, 3.716233730316162, -6.374547481536865, 1.61181640625, -0.4453125, -1.28564453125, 0, 
663, 1655953307, 0.6197676658630371, -0.059724465012550354, -0.06518789380788803, 0.7797894477844238, 0.003609235631301999, -1.6093287467956543, 8.5780029296875, -37.46998977661133, 3.192805767059326, -5.81241512298584, 1.61572265625, -0.44140625, -1.287109375, 0, 
664, 1655961640, 0.6198239922523499, -0.06099238246679306, -0.0672544538974762, 0.7794709205627441, 0.052770908921957016, -1.607425332069397, 8.706335067749023, -32.90582275390625, -3.381441116333008, -4.641047954559326, 1.6142578125, -0.43310546875, -1.2880859375, 0, 
665, 1655969973, 0.6197136044502258, -0.061657167971134186, -0.06935758888721466, 0.77932208776474, 0.049827367067337036, -1.5317163467407227, 8.45920467376709, -28.140764236450195, -10.450282096862793, -1.9931986331939697, 1.61572265625, -0.431640625, -1.2890625, 0, 
666, 1655978306, 0.6194396615028381, -0.0619196854531765, -0.07138040661811829, 0.7793366312980652, 0.06468653678894043, -1.6179701089859009, 8.158285140991211, -23.83483123779297, -14.376484870910645, 0.8340640068054199, 1.61328125, -0.4287109375, -1.291015625, 0, 
667, 1655986639, 0.6190546154975891, -0.061800017952919006, -0.07329810410737991, 0.7794740796089172, -0.06795161962509155, -1.617669701576233, 7.950855255126953, -19.425798416137695, -17.784923553466797, 2.787919521331787, 1.6123046875, -0.42431640625, -1.296875, 0, 
668, 1655994972, 0.6185882091522217, -0.061442457139492035, -0.07489611953496933, 0.7797204852104187, -0.27530795335769653, -1.63579261302948, 7.59425687789917, -13.934074401855469, -17.790708541870117, 4.618466854095459, 1.60888671875, -0.4208984375, -1.296875, 0, 
669, 1656003305, 0.6181477308273315, -0.06092692166566849, -0.07599999010562897, 0.7800033688545227, -0.33010169863700867, -1.7013156414031982, 7.349111080169678, -7.232052803039551, -15.283632278442383, 4.905549049377441, 1.60595703125, -0.42333984375, -1.2958984375, 0, 
670, 1656011638, 0.6178323030471802, -0.060146916657686234, -0.07651176303625107, 0.7802637219429016, -0.2942098379135132, -1.7825026512145996, 7.155623435974121, 1.4487541913986206, -12.939340591430664, 3.592486619949341, 1.60693359375, -0.42138671875, -1.2978515625, 0, 
671, 1656019971, 0.617644190788269, -0.05905485898256302, -0.07629428058862686, 0.7805172801017761, -0.36414727568626404, -1.7865567207336426, 6.942567825317383, 12.023028373718262, -9.949773788452148, 2.4435346126556396, 1.603515625, -0.42431640625, -1.29833984375, 0, 
672, 1656028304, 0.6175709366798401, -0.05760578066110611, -0.0751911997795105, 0.7807906866073608, -0.3716597557067871, -1.74658203125, 6.793201446533203, 24.674602508544922, -6.1560516357421875, 1.7248507738113403, 1.599609375, -0.42724609375, -1.29443359375, 0, 
673, 1656036637, 0.6175987124443054, -0.055596429854631424, -0.07320725917816162, 0.7811029553413391, -0.3726893663406372, -1.658829927444458, 6.773567199707031, 39.0106201171875, -4.617587089538574, 1.0866725444793701, 1.59814453125, -0.43359375, -1.29931640625, 0, 
674, 1656044970, 0.6176536679267883, -0.0529969148337841, -0.07028880715370178, 0.7815081477165222, -0.5401440262794495, -1.5275232791900635, 6.3654890060424805, 54.176612854003906, -3.063931465148926, 1.7051055431365967, 1.59912109375, -0.43994140625, -1.296875, 0, 
675, 1656053303, 0.6176671385765076, -0.049995649605989456, -0.06632477045059204, 0.7820416688919067, -0.6938244700431824, -1.3124101161956787, 5.687203884124756, 68.91891479492188, 1.366794228553772, 3.6137609481811523, 1.59765625, -0.4462890625, -1.28955078125, 0, 
676, 1656061636, 0.617661714553833, -0.04661523550748825, -0.06131761893630028, 0.782663106918335, -0.7261752486228943, -0.9778825044631958, 5.210952281951904, 83.4241943359375, 6.070777416229248, 4.936982154846191, 1.59765625, -0.4541015625, -1.28369140625, 0, 
677, 1656069969, 0.6176885962486267, -0.042746081948280334, -0.055126987397670746, 0.7833231091499329, -0.8002027869224548, -0.6878015398979187, 4.827946186065674, 100.3666763305664, 10.865795135498047, 5.26147985458374, 1.59765625, -0.4609375, -1.28369140625, 0, 
678, 1656078302, 0.6177988052368164, -0.03819455951452255, -0.04767409339547157, 0.7839599847793579, -0.6945024132728577, -0.4500218331813812, 4.594730377197266, 119.79255676269531, 14.313789367675781, 4.394037246704102, 1.59521484375, -0.474609375, -1.2744140625, 0, 
679, 1656086635, 0.6180578470230103, -0.032710254192352295, -0.0389496274292469, 0.7844856381416321, -0.49724578857421875, -0.15135455131530762, 4.445764064788818, 141.43153381347656, 15.217957496643066, 1.900622844696045, 1.5947265625, -0.4931640625, -1.26708984375, 0, 
680, 1656094968, 0.618450403213501, -0.025619346648454666, -0.028894608840346336, 0.784874677658081, -0.24502171576023102, -0.13638156652450562, 5.76932954788208, 169.42800903320312, 9.326929092407227, -0.9641699194908142, 1.59619140625, -0.505859375, -1.25732421875, 0, 
681, 1656103301, 0.6190115809440613, -0.015208026394248009, -0.017553864046931267, 0.7850387692451477, -0.7983482480049133, -0.9977392554283142, 13.874631881713867, 211.51951599121094, -15.431011199951172, -5.562376976013184, 1.59375, -0.5283203125, -1.24462890625, 0, 
682, 1656111634, 0.6197301149368286, -0.004564183298498392, -0.007336022797971964, 0.7847676277160645, 5.885922431945801, 3.253185272216797, -27.62141227722168, 201.30259704589844, -27.371370315551758, -11.257610321044922, 1.58251953125, -0.55712890625, -1.23583984375, 0, 
683, 1656119967, 0.6197895407676697, -0.006125111598521471, -0.006961681414395571, 0.7847133874893188, -1.7326933145523071, -3.9212889671325684, -1.2878360748291016, -8.965139389038086, 20.371967315673828, -1.6826761960983276, 1.5869140625, -0.5576171875, -1.22998046875, 0, 
684, 1656128300, 0.6202980279922485, -0.0032754058483988047, -0.008031153120100498, 0.784318208694458, -1.3277047872543335, 3.471768379211426, 17.490251541137695, 13.05266284942627, -39.457149505615234, -9.9779634475708, 1.58837890625, -0.560546875, -1.22314453125, 0, 
685, 1656136633, 0.6206328272819519, -0.003960644360631704, -0.007114307954907417, 0.7840591073036194, 0.5106598734855652, -1.0460504293441772, 3.842076539993286, 4.329869747161865, 15.587509155273438, -6.463805198669434, 1.5908203125, -0.5595703125, -1.22509765625, 0, 
686, 1656144966, 0.6208201050758362, -0.004881845787167549, -0.006502529140561819, 0.7839109897613525, 0.9760428071022034, -1.078566312789917, 4.304875373840332, -0.9700111746788025, 15.504413604736328, -3.9198238849639893, 1.5908203125, -0.56005859375, -1.22216796875, 0, 
687, 1656153299, 0.6210289597511292, -0.0050536952912807465, -0.00609003147110343, 0.7837478518486023, -0.017565805464982986, 1.129987120628357, 13.179577827453613, 3.279224395751953, 5.731813430786133, -4.360926628112793, 1.59228515625, -0.55908203125, -1.22509765625, 0, 
688, 1656161632, 0.6210334300994873, -0.005055967718362808, -0.006288312841206789, 0.7837428450584412, 0.10376708954572678, 0.2882765829563141, 9.093487739562988, -1.857595443725586, -1.340674638748169, -0.8638912439346313, 1.59326171875, -0.5625, -1.22265625, 0, 
689, 1656169965, 0.6211113333702087, -0.0050719487480819225, -0.006142155267298222, 0.7836821675300598, -0.19137407839298248, 0.11927194893360138, 10.38194465637207, 1.739372968673706, 1.7588398456573486, -2.1057207584381104, 1.59228515625, -0.5576171875, -1.22705078125, 0, 
690, 1656178298, 0.6211292147636414, -0.005059946794062853, -0.006259370129555464, 0.7836668491363525, -0.34154826402664185, 0.1255967766046524, 10.44841480255127, -0.8623030781745911, -0.8039795756340027, -1.0937278270721436, 1.59326171875, -0.560546875, -1.2236328125, 0, 
691, 1656186631, 0.6211534142494202, -0.005027681589126587, -0.006218498107045889, 0.7836481332778931, -0.27699384093284607, -0.00476379320025444, 9.445279121398926, 1.0166929960250854, 0.3319733142852783, -1.1795611381530762, 1.59033203125, -0.56005859375, -1.22607421875, 0, 
692, 1656194964, 0.6211633682250977, -0.005041941534727812, -0.006239170208573341, 0.7836400866508484, -0.14019572734832764, -0.13273531198501587, 9.251322746276855, -0.04713018983602524, 0.29565227031707764, -0.9364820122718811, 1.59423828125, -0.5595703125, -1.224609375, 0, 
693, 1656203297, 0.6211766600608826, -0.005039666313678026, -0.006217579357326031, 0.7836297750473022, -0.28313061594963074, -0.04159342497587204, 10.55173110961914, 0.5523325204849243, 0.48939836025238037, -0.9907584190368652, 1.5869140625, -0.55859375, -1.22509765625, 0, 
694, 1656211630, 0.6211838722229004, -0.0050230068154633045, -0.006214769557118416, 0.7836241722106934, -0.24069316685199738, -0.2384185642004013, 9.86739730834961, 0.4677799642086029, 0.15531191229820251, -0.8862780928611755, 1.5927734375, -0.56103515625, -1.22509765625, 0, 
695, 1656219963, 0.6211854219436646, -0.0050155711360275745, -0.0062422300688922405, 0.7836228013038635, -0.22964201867580414, -0.06428259611129761, 9.765454292297363, 0.06753192842006683, 0.013204137794673443, -0.789174497127533, 1.59619140625, -0.5595703125, -1.224609375, 0, 
696, 1656228296, 0.6211954355239868, -0.005025364924222231, -0.006196498870849609, 0.7836151123046875, -0.20927093923091888, -0.1646372228860855, 9.30882453918457, 0.7041738033294678, 0.8054012656211853, -0.9316922426223755, 1.58984375, -0.560546875, -1.2236328125, 0, 
697, 1656236629, 0.6211915612220764, -0.005048701539635658, -0.00623512314632535, 0.7836176753044128, -0.27212992310523987, -0.05637155473232269, 10.308491706848145, -0.31525999307632446, 0.24765121936798096, -0.6971426010131836, 1.59423828125, -0.55859375, -1.224609375, 0, 
698, 1656244962, 0.6211954355239868, -0.005045203026384115, -0.006191680673509836, 0.7836150527000427, -0.217167466878891, -0.15126116573810577, 10.013708114624023, 0.7902887463569641, 0.6307377219200134, -0.8213204145431519, 1.58935546875, -0.56201171875, -1.22509765625, 0, 
699, 1656253295, 0.6211897730827332, -0.005029910244047642, -0.006224953103810549, 0.7836194038391113, -0.21533633768558502, -0.141812264919281, 9.894641876220703, 0.07134845107793808, -0.1224360391497612, -0.6650479435920715, 1.59228515625, -0.56005859375, -1.22412109375, 0, 
700, 1656261628, 0.6211935877799988, -0.005014609545469284, -0.006198363844305277, 0.7836166620254517, -0.1944432407617569, -0.2085198611021042, 9.609923362731934, 0.7123702764511108, 0.3673977851867676, -0.8240355253219604, 1.5908203125, -0.55859375, -1.224609375, 0, 
701, 1656269961, 0.6211974620819092, -0.0050223153084516525, -0.006211385130882263, 0.7836134433746338, -0.22083687782287598, -0.14220567047595978, 9.694912910461426, 0.09299246966838837, 0.2997249662876129, -0.8299011588096619, 1.5927734375, -0.55908203125, -1.2255859375, 0, 
702, 1656278294, 0.621204137802124, -0.0050407350063323975, -0.00618430320173502, 0.7836081981658936, -0.21037226915359497, -0.16980133950710297, 9.860208511352539, 0.4225451946258545, 0.7044042348861694, -0.8748029470443726, 1.59033203125, -0.55908203125, -1.2255859375, 0, 
703, 1656286627, 0.6212061047554016, -0.0050455788150429726, -0.006187202408909798, 0.7836065888404846, -0.2333543449640274, -0.1757095903158188, 10.092411041259766, 0.22605842351913452, 0.355692058801651, -0.7943229675292969, 1.59228515625, -0.5595703125, -1.22509765625, 0, 
704, 1656294960, 0.621209442615509, -0.00504396203905344, -0.006189840845763683, 0.783603847026825, -0.23265336453914642, -0.13692687451839447, 9.881452560424805, 0.2730093002319336, 0.23289741575717926, -0.8211923241615295, 1.59326171875, -0.560546875, -1.2255859375, 0, 
705, 1656303293, 0.6212106943130493, -0.005042818374931812, -0.0061911954544484615, 0.7836028933525085, -0.2131904810667038, -0.1507747769355774, 9.660371780395508, 0.2944996654987335, 0.30405381321907043, -0.7802096605300903, 1.5908203125, -0.5595703125, -1.22509765625, 0, 
706, 1656311626, 0.6212099194526672, -0.005055014044046402, -0.006186675280332565, 0.7836035490036011, -0.23485644161701202, -0.10876613110303879, 9.714505195617676, 0.2351258546113968, 0.4554338753223419, -0.7470391392707825, 1.59130859375, -0.56103515625, -1.22412109375, 0, 
707, 1656319959, 0.6212169528007507, -0.00506309000775218, -0.006173620466142893, 0.7835980653762817, -0.2623734176158905, -0.1466905027627945, 9.99998950958252, 0.37185463309288025, 0.527307391166687, -0.8810015916824341, 1.59326171875, -0.5595703125, -1.22412109375, 0, 
708, 1656328292, 0.6212093830108643, -0.005070838145911694, -0.006178409792482853, 0.7836039066314697, -0.24168026447296143, -0.16565269231796265, 9.930999755859375, 0.16980956494808197, 0.32047247886657715, -0.6302382349967957, 1.59326171875, -0.56005859375, -1.228515625, 0, 
709, 1656336625, 0.6212062835693359, -0.005070917773991823, -0.006170900538563728, 0.7836064696311951, -0.2512868642807007, -0.15520989894866943, 9.835466384887695, 0.3799487352371216, 0.3924228549003601, -0.7041352987289429, 1.58984375, -0.55859375, -1.2236328125, 0, 
710, 1656344958, 0.6212040781974792, -0.005085150245577097, -0.006170479580760002, 0.783608078956604, -0.23135170340538025, -0.13264988362789154, 9.828371047973633, 0.1736004799604416, 0.44042399525642395, -0.7213481068611145, 1.58935546875, -0.56005859375, -1.22705078125, 0, 
711, 1656353291, 0.6211999654769897, -0.005091844126582146, -0.006157490890473127, 0.7836114764213562, -0.2033696323633194, -0.11179178208112717, 9.89289665222168, 0.3812551200389862, 0.5094543695449829, -0.6850271224975586, 1.58984375, -0.56005859375, -1.224609375, 0, 
712, 1656361624, 0.6211779713630676, -0.005098775029182434, -0.006143222097307444, 0.7836288809776306, 0.050170041620731354, 0.5526500940322876, 9.830073356628418, 0.381818562746048, 0.46511608362197876, -0.37542781233787537, 1.59326171875, -0.56201171875, -1.224609375, 0, 
713, 1656369957, 0.621065616607666, -0.0051141963340342045, -0.006159792188555002, 0.7837177515029907, -0.1390870362520218, 0.0584813728928566, 9.883598327636719, -0.01027130801230669, 0.336455762386322, 1.2106952667236328, 1.59423828125, -0.56005859375, -1.22412109375, 0, 
714, 1656378290, 0.6208797097206116, -0.005095617845654488, -0.006178801413625479, 0.7838649749755859, -0.09003899991512299, -0.19148565828800201, 9.853975296020508, 0.23904486000537872, -0.11713390052318573, 2.4975802898406982, 1.591796875, -0.55859375, -1.22412109375, 0, 
715, 1656386623, 0.6206587553024292, -0.004816967993974686, -0.006316551938652992, 0.784040629863739, -0.08381228893995285, 0.08261729776859283, 10.225215911865234, 1.1939435005187988, -3.882375717163086, 3.087629556655884, 1.591796875, -0.55810546875, -1.2275390625, 0, 
716, 1656394956, 0.6203957200050354, -0.00423975195735693, -0.006455773487687111, 0.7842509746551514, -0.19183871150016785, -0.003765928791835904, 10.69262981414795, 3.712463617324829, -7.1759819984436035, 3.8107197284698486, 1.5888671875, -0.56103515625, -1.22607421875, 0, 
717, 1656403289, 0.6201498508453369, -0.003552765818312764, -0.006442883983254433, 0.7844489812850952, -0.0729275569319725, 0.022083621472120285, 10.517064094543457, 6.303598880767822, -7.004571437835693, 3.521355390548706, 1.58837890625, -0.56201171875, -1.2265625, 0, 
718, 1656411622, 0.619970440864563, -0.00309774256311357, -0.006087959744036198, 0.7845954895019531, -0.2124340534210205, 0.024668527767062187, 10.122474670410156, 8.010710716247559, -1.5883129835128784, 2.401808261871338, 1.58935546875, -0.5615234375, -1.22314453125, 0, 
719, 1656419955, 0.6198878288269043, -0.0029512611217796803, -0.005686519201844931, 0.7846644520759583, -0.16922570765018463, -0.14692290127277374, 10.259224891662598, 5.881554126739502, 2.1603176593780518, 0.7249981164932251, 1.587890625, -0.5625, -1.2265625, 0, 
720, 1656428288, 0.6198451519012451, -0.0036052344366908073, -0.005050016567111015, 0.7846997380256653, -0.42334556579589844, -0.2759902775287628, 10.805499076843262, 1.5910412073135376, 12.789304733276367, 0.0774446502327919, 1.5869140625, -0.56298828125, -1.2255859375, 0, 
721, 1656436621, 0.6197571158409119, -0.005331140942871571, -0.0041503324173390865, 0.7847647666931152, -0.46123847365379333, -0.08207079023122787, 11.395010948181152, -4.703032493591309, 26.61137580871582, 0.9099847078323364, 1.58837890625, -0.5654296875, -1.21923828125, 0, 
722, 1656444954, 0.6196978092193604, -0.007829264737665653, -0.0035239486023783684, 0.7847936749458313, -0.44042888283729553, -0.08917975425720215, 11.88006591796875, -14.235893249511719, 32.60960006713867, 0.31286534667015076, 1.591796875, -0.56103515625, -1.22119140625, 0, 
723, 1656453287, 0.6197133660316467, -0.010878780856728554, -0.0036014937795698643, 0.7847447395324707, -0.3378119468688965, -0.3522931933403015, 11.844219207763672, -26.525197982788086, 32.58383560180664, -1.2050237655639648, 1.599609375, -0.5625, -1.22216796875, 0, 
724, 1656461620, 0.6198611855506897, -0.014363391324877739, -0.004733919631689787, 0.784565806388855, -0.23616522550582886, -0.4025619626045227, 11.54760456085205, -41.60472869873047, 28.313154220581055, -3.877824544906616, 1.59912109375, -0.556640625, -1.22119140625, 0, 
725, 1656469953, 0.6201453804969788, -0.017942041158676147, -0.00720342667773366, 0.7842487692832947, -0.22732454538345337, -0.18010787665843964, 11.515437126159668, -56.8117561340332, 17.968250274658203, -6.782414436340332, 1.6064453125, -0.552734375, -1.2265625, 0, 
726, 1656478286, 0.6204063892364502, -0.021449515596032143, -0.01087519433349371, 0.783911943435669, -0.3717183470726013, -0.2566973567008972, 11.464143753051758, -69.1796875, 6.948185920715332, -7.004934310913086, 1.60986328125, -0.54296875, -1.2265625, 0, 
727, 1656486619, 0.6205635070800781, -0.02487812004983425, -0.015362249687314034, 0.7836112380027771, -0.3694722354412079, -0.4309875965118408, 11.179182052612305, -77.32088470458984, -0.8801611065864563, -5.830727577209473, 1.60888671875, -0.53564453125, -1.23291015625, 0, 
728, 1656494952, 0.6206562519073486, -0.02825082838535309, -0.020294250920414925, 0.7833110094070435, -0.3479352593421936, -0.5284346342086792, 10.992040634155273, -81.66130828857422, -5.297208786010742, -5.2959794998168945, 1.60888671875, -0.5283203125, -1.240234375, 0, 
729, 1656503285, 0.6206865310668945, -0.031653229147195816, -0.02527538686990738, 0.7830119729042053, -0.5196449160575867, -0.6801390647888184, 10.795267105102539, -82.4673843383789, -5.412832260131836, -4.622935771942139, 1.60791015625, -0.5166015625, -1.2470703125, 0, 
730, 1656511618, 0.620640218257904, -0.035112880170345306, -0.030155712738633156, 0.7827286124229431, -0.6095603704452515, -0.9747191667556763, 10.486627578735352, -81.8978042602539, -3.9718947410583496, -3.6028685569763184, 1.61181640625, -0.509765625, -1.24755859375, 0, 
731, 1656519951, 0.6206474900245667, -0.038789138197898865, -0.0348631888628006, 0.7823535799980164, -0.41870296001434326, -1.0012513399124146, 10.090239524841309, -81.89905548095703, -0.09426093846559525, -4.787021160125732, 1.60888671875, -0.49755859375, -1.25439453125, 0, 
732, 1656528284, 0.620680034160614, -0.0423419289290905, -0.039616771042346954, 0.7819170355796814, -0.6560719609260559, -1.2267512083053589, 10.096224784851074, -81.35828399658203, -1.7790729999542236, -5.66938591003418, 1.6103515625, -0.490234375, -1.2578125, 0, 
733, 1656536617, 0.6206684708595276, -0.045793887227773666, -0.04447455704212189, 0.7814702391624451, -0.6937592029571533, -1.2689599990844727, 9.704075813293457, -81.64745330810547, -3.765007734298706, -5.3965163230896, 1.61474609375, -0.4814453125, -1.26611328125, 0, 
734, 1656544950, 0.6206336617469788, -0.04918443411588669, -0.049456387758255005, 0.780992329120636, -0.6531729102134705, -1.356407880783081, 9.479294776916504, -82.49713897705078, -5.501893997192383, -5.531299591064453, 1.61376953125, -0.4697265625, -1.26806640625, 0, 
735, 1656553283, 0.6206321120262146, -0.052427180111408234, -0.0546618327498436, 0.7804354429244995, -0.62591153383255, -1.4556996822357178, 9.299271583557129, -83.6623306274414, -8.89780044555664, -6.811918258666992, 1.61669921875, -0.462890625, -1.27392578125, 0, 
736, 1656561616, 0.6206710338592529, -0.05547719448804855, -0.06004849076271057, 0.7797973155975342, -0.5580927133560181, -1.503812551498413, 9.220240592956543, -84.0054931640625, -12.477337837219238, -8.224040031433105, 1.61474609375, -0.44921875, -1.279296875, 0, 
737, 1656569949, 0.6207547783851624, -0.058121275156736374, -0.06557195633649826, 0.7790928483009338, -0.522667646408081, -1.731682538986206, 9.134501457214355, -82.0177993774414, -17.85566520690918, -9.700786590576172, 1.6162109375, -0.4423828125, -1.28564453125, 0, 
738, 1656578282, 0.6209025979042053, -0.06058772653341293, -0.07101748883724213, 0.7783095240592957, -0.403020977973938, -1.8977898359298706, 8.626507759094238, -79.68925476074219, -18.99393653869629, -11.163466453552246, 1.61279296875, -0.43310546875, -1.29296875, 0, 
739, 1656586615, 0.621087372303009, -0.06277213245630264, -0.07627219706773758, 0.7774913311004639, -0.3362540602684021, -1.7073643207550049, 8.664421081542969, -75.23795318603516, -20.29808807373047, -11.967881202697754, 1.61181640625, -0.421875, -1.29736328125, 0, 
740, 1656594948, 0.6212687492370605, -0.06458603590726852, -0.0812268778681755, 0.7766956090927124, -0.329125314950943, -1.5837069749832153, 8.46348762512207, -68.8467025756836, -21.728456497192383, -11.870307922363281, 1.611328125, -0.41259765625, -1.3017578125, 0, 
741, 1656603281, 0.62144535779953, -0.06620701402425766, -0.0856260284781456, 0.7759449481964111, -0.19742269814014435, -1.7724692821502686, 8.095333099365234, -61.21653366088867, -19.079193115234375, -11.154834747314453, 1.60986328125, -0.404296875, -1.3046875, 0, 
742, 1656611614, 0.6216378808021545, -0.0676044374704361, -0.08942025899887085, 0.7752419114112854, -0.10156060755252838, -1.8738715648651123, 7.926071643829346, -52.78342819213867, -16.32404899597168, -10.634599685668945, 1.609375, -0.400390625, -1.30810546875, 0, 
743, 1656619947, 0.6218091249465942, -0.06865409016609192, -0.09262111037969589, 0.774636447429657, -0.12114644795656204, -1.9075254201889038, 7.898131847381592, -43.38096237182617, -15.071700096130371, -9.446701049804688, 1.60888671875, -0.39599609375, -1.30908203125, 0, 
744, 1656628280, 0.621948778629303, -0.06943783164024353, -0.09517494589090347, 0.7741445899009705, -0.04344825819134712, -1.9524593353271484, 7.4222259521484375, -34.10221862792969, -12.52202033996582, -7.864578723907471, 1.60986328125, -0.38720703125, -1.3125, 0, 
745, 1656636613, 0.6220619082450867, -0.06991564482450485, -0.09718112647533417, 0.7737613320350647, 0.04967050999403, -1.9420915842056274, 7.150301933288574, -25.537281036376953, -11.229545593261719, -6.533274173736572, 1.60791015625, -0.384765625, -1.31591796875, 0, 
746, 1656644946, 0.6221293210983276, -0.06983032077550888, -0.09885071218013763, 0.7735034227371216, -0.0016460013575851917, -1.9186949729919434, 6.997891902923584, -17.01459503173828, -14.525940895080566, -5.404375076293945, 1.60595703125, -0.3779296875, -1.3173828125, 0, 
747, 1656653279, 0.6221360564231873, -0.06901239603757858, -0.10019940882921219, 0.7733979821205139, 0.015270229429006577, -1.9634236097335815, 6.687347888946533, -7.185539245605469, -19.801273345947266, -4.139364719390869, 1.60986328125, -0.37939453125, -1.31982421875, 0, 
748, 1656661612, 0.622131884098053, -0.0675046518445015, -0.10109751671552658, 0.7734172344207764, -0.020763620734214783, -1.9952752590179443, 6.35555362701416, 3.6692020893096924, -23.416696548461914, -3.4817957878112793, 1.6025390625, -0.376953125, -1.32080078125, 0, 
749, 1656669945, 0.6221650838851929, -0.06542357802391052, -0.10136490315198898, 0.7735342979431152, -0.06570370495319366, -1.9290190935134888, 6.1141357421875, 15.453605651855469, -24.156112670898438, -3.252011299133301, 1.60009765625, -0.3779296875, -1.322265625, 0, 
750, 1656678278, 0.6223065853118896, -0.06293492764234543, -0.10067223757505417, 0.77371746301651, -0.051373403519392014, -1.8712226152420044, 6.151228904724121, 29.342967987060547, -20.18703842163086, -3.543682098388672, 1.59716796875, -0.3828125, -1.32421875, 0, 
751, 1656686611, 0.6226147413253784, -0.060258425772190094, -0.09865141659975052, 0.7739428877830505, -0.16500546038150787, -1.7441030740737915, 6.303441524505615, 45.28447341918945, -10.625368118286133, -4.066728591918945, 1.59423828125, -0.38671875, -1.32177734375, 0, 
752, 1656694944, 0.6230759620666504, -0.057475216686725616, -0.09516626596450806, 0.774219810962677, -0.26827701926231384, -1.7855732440948486, 6.2845139503479, 61.98029327392578, 0.941877007484436, -4.185380458831787, 1.5947265625, -0.39501953125, -1.31982421875, 0, 
753, 1656703277, 0.6237013936042786, -0.054533701390028, -0.09025996923446655, 0.7745165824890137, -0.28510844707489014, -1.8106436729431152, 6.339300632476807, 78.62183380126953, 11.631731986999512, -4.847059726715088, 1.59423828125, -0.39990234375, -1.31689453125, 0, 
754, 1656711610, 0.6244729161262512, -0.051302630454301834, -0.08410760760307312, 0.7748079895973206, -0.2269836664199829, -1.6229732036590576, 6.3538498878479, 94.48228454589844, 19.4200439453125, -5.874879360198975, 1.59375, -0.40966796875, -1.31201171875, 0, 
755, 1656719943, 0.6252628564834595, -0.04752672463655472, -0.07700542360544205, 0.7751501202583313, -0.2549434304237366, -1.2897082567214966, 6.126006603240967, 109.35174560546875, 21.758319854736328, -5.59544038772583, 1.5966796875, -0.42138671875, -1.30712890625, 0, 
756, 1656728276, 0.6259872317314148, -0.043004538863897324, -0.06912600994110107, 0.7755721807479858, -0.22566381096839905, -1.0024524927139282, 5.947212219238281, 124.09598541259766, 20.36469078063965, -4.491160869598389, 1.59716796875, -0.43701171875, -1.30078125, 0, 
757, 1656736609, 0.6265954375267029, -0.0377064011991024, -0.06043967977166176, 0.7760822772979736, -0.2153908610343933, -0.5707941055297852, 5.751920223236084, 139.3968963623047, 18.871450424194336, -2.755704402923584, 1.6005859375, -0.45166015625, -1.291015625, 0, 
758, 1656744942, 0.627099871635437, -0.03164384514093399, -0.050791725516319275, 0.7766368985176086, -0.09557808935642242, -0.3403281569480896, 5.713640213012695, 156.23101806640625, 18.89118003845215, -1.4007962942123413, 1.59814453125, -0.466796875, -1.2822265625, 0, 
759, 1656753275, 0.6275671124458313, -0.02438761293888092, -0.04024690017104149, 0.7771392464637756, 0.1784893125295639, -0.22546885907649994, 6.701925754547119, 176.05120849609375, 13.8721923828125, -1.8981435298919678, 1.599609375, -0.48583984375, -1.2724609375, 0, 
760, 1656761608, 0.6280418038368225, -0.014901088550686836, -0.02916569821536541, 0.7774901986122131, 0.41695335507392883, -0.2692045271396637, 8.066221237182617, 200.95181274414062, -5.2778730392456055, -4.3359785079956055, 1.59716796875, -0.50537109375, -1.26025390625, 0, 
761, 1656769941, 0.6285903453826904, -0.003704944858327508, -0.010230542160570621, 0.777660608291626, 2.848125457763672, -3.114269971847534, 4.913920879364014, 299.6498107910156, 44.345375061035156, -5.763848781585693, 1.59423828125, -0.533203125, -1.24658203125, 0, 
762, 1656778274, 0.6282773613929749, -0.0031718872487545013, -0.009394465014338493, 0.7779262661933899, -4.324309349060059, 4.939822196960449, -14.483185768127441, 13.86938190460205, 1.7955199480056763, 4.854013919830322, 1.5966796875, -0.56005859375, -1.23583984375, 0, 
763, 1656786607, 0.6290299296379089, -0.00438883388414979, -0.00729379104450345, 0.7773345708847046, -0.5287273526191711, 0.186123788356781, 15.503211975097656, 12.215226173400879, 31.617109298706055, -13.675275802612305, 1.59716796875, -0.5517578125, -1.23486328125, 0, 
764, 1656794940, 0.6291362047195435, -0.0026155859231948853, -0.007274189032614231, 0.7772566676139832, -0.8835064172744751, 1.6510084867477417, 16.023712158203125, 15.846803665161133, -18.443052291870117, -2.7460522651672363, 1.59814453125, -0.55322265625, -1.23291015625, 0, 
765, 1656803273, 0.6292761564254761, -0.004073610063642263, -0.006022054702043533, 0.7771478295326233, -0.1822606772184372, -1.3384068012237549, 11.537393569946289, 1.0626968145370483, 26.762191772460938, -3.006344795227051, 1.59814453125, -0.55322265625, -1.23291015625, 0, 
766, 1656811606, 0.6292633414268494, -0.0036902667488902807, -0.006582806818187237, 0.7771555185317993, -0.27521374821662903, 1.2818642854690552, 10.038102149963379, -2.374490976333618, -8.623442649841309, -0.6185325384140015, 1.6005859375, -0.5556640625, -1.23291015625, 0, 
767, 1656819939, 0.629359781742096, -0.00380115769803524, -0.0062844417989254, 0.7770794034004211, 0.18158107995986938, 0.20464052259922028, 9.190983772277832, 2.5264980792999268, 4.10779333114624, -2.4240028858184814, 1.59423828125, -0.552734375, -1.23046875, 0, 
768, 1656828272, 0.6294029355049133, -0.004110716748982668, -0.006290988996624947, 0.777042806148529, -0.28585946559906006, 0.08588257431983948, 10.341790199279785, -2.4516923427581787, 3.57678484916687, -1.5110094547271729, 1.6015625, -0.55419921875, -1.23291015625, 0, 
769, 1656836605, 0.6294560432434082, -0.0040998090989887714, -0.006145984400063753, 0.7770010232925415, -0.1940888911485672, -0.09396504610776901, 10.269083976745605, 1.9432880878448486, 1.4737534523010254, -1.6820610761642456, 1.6015625, -0.55419921875, -1.23193359375, 0, 
770, 1656844938, 0.6294742822647095, -0.004071216098964214, -0.006253169849514961, 0.7769856452941895, -0.26230189204216003, -0.007767987437546253, 9.698676109313965, -0.612820565700531, -0.9721369743347168, -1.0968272686004639, 1.60205078125, -0.5537109375, -1.2294921875, 0, 
771, 1656853271, 0.6295071244239807, -0.0040379720740020275, -0.0061975871212780476, 0.7769596576690674, -0.1554831713438034, 0.0006824646843597293, 9.457365989685059, 1.1809570789337158, 0.4578160047531128, -1.3352699279785156, 1.6015625, -0.55615234375, -1.23193359375, 0, 
772, 1656861604, 0.6295209527015686, -0.004058344289660454, -0.006224109325557947, 0.7769479751586914, -0.206116184592247, -0.07215090095996857, 9.827140808105469, -0.17243503034114838, 0.26532503962516785, -1.0088422298431396, 1.60107421875, -0.55517578125, -1.232421875, 0, 
773, 1656869937, 0.629525899887085, -0.004065585322678089, -0.0062180375680327415, 0.7769439220428467, -0.25190165638923645, -0.11549695581197739, 10.478729248046875, 0.3025425374507904, 0.4574574828147888, -0.8470116257667542, 1.6005859375, -0.55615234375, -1.2294921875, 0, 
774, 1656878270, 0.629535436630249, -0.004048588220030069, -0.006178299430757761, 0.7769366502761841, -0.20311927795410156, -0.17467957735061646, 9.45479965209961, 0.8590629696846008, 0.4368892014026642, -0.9249812364578247, 1.60302734375, -0.55322265625, -1.2314453125, 0, 
775, 1656886603, 0.6295333504676819, -0.004053026437759399, -0.006221135146915913, 0.7769380211830139, -0.2336616963148117, -0.04541339725255966, 9.652196884155273, -0.1953853964805603, 0.004674598574638367, -0.7271625399589539, 1.60205078125, -0.552734375, -1.2314453125, 0, 
776, 1656894936, 0.6295368075370789, -0.004066426772624254, -0.006175875663757324, 0.7769353985786438, -0.24675162136554718, -0.1507747769355774, 9.783258438110352, 0.6542771458625793, 0.8076808452606201, -0.8178625702857971, 1.60498046875, -0.55419921875, -1.23046875, 0, 
777, 1656903269, 0.6295336484909058, -0.004075831267982721, -0.006203062366694212, 0.7769376635551453, -0.2760210633277893, -0.07199336588382721, 10.300007820129395, -0.07266758382320404, 0.19176097214221954, -0.7058258056640625, 1.60302734375, -0.55224609375, -1.2314453125, 0, 
778, 1656911602, 0.6295341849327087, -0.004070083610713482, -0.006180588621646166, 0.7769374251365662, -0.19263321161270142, -0.2193562388420105, 9.768866539001465, 0.5765379667282104, 0.3949586749076843, -0.7695028781890869, 1.59912109375, -0.55517578125, -1.23291015625, 0, 
779, 1656919935, 0.6295315623283386, -0.004060389474034309, -0.006193948443979025, 0.7769395112991333, -0.2507212460041046, -0.11854397505521774, 9.852396965026855, 0.24068418145179749, 0.10782311856746674, -0.7149701714515686, 1.599609375, -0.55810546875, -1.23291015625, 0, 
780, 1656928268, 0.6295338869094849, -0.004061352927237749, -0.0061890967190265656, 0.7769377827644348, -0.15857870876789093, -0.18639610707759857, 9.580611228942871, 0.3325367867946625, 0.3339456021785736, -0.7997019290924072, 1.6005859375, -0.5546875, -1.23388671875, 0, 
781, 1656936601, 0.6295325756072998, -0.004071138799190521, -0.00619534682482481, 0.7769387364387512, -0.18829144537448883, -0.1501310169696808, 9.834107398986816, 0.14778132736682892, 0.3784118890762329, -0.7377923727035522, 1.6005859375, -0.5517578125, -1.22900390625, 0, 
782, 1656944934, 0.6295365691184998, -0.004088110290467739, -0.006183823104947805, 0.7769355773925781, -0.17476540803909302, -0.1936846822500229, 9.948545455932617, 0.2622513473033905, 0.5441873073577881, -0.8284157514572144, 1.6005859375, -0.5546875, -1.234375, 0, 
783, 1656953267, 0.6295356750488281, -0.004092647694051266, -0.006197091192007065, 0.7769361138343811, -0.2360008955001831, -0.16447247564792633, 10.058513641357422, 0.11865794658660889, 0.260048508644104, -0.747115969657898, 1.6015625, -0.55517578125, -1.232421875, 0, 
784, 1656961600, 0.6295375227928162, -0.004096552263945341, -0.006191825494170189, 0.7769345641136169, -0.21278992295265198, -0.16194036602973938, 9.705485343933105, 0.3079983592033386, 0.34803342819213867, -0.7918384075164795, 1.59912109375, -0.55419921875, -1.228515625, 0, 
785, 1656969933, 0.6295375227928162, -0.004111435730010271, -0.006194198504090309, 0.7769344449043274, -0.21185290813446045, -0.1329999566078186, 9.717973709106445, 0.14573219418525696, 0.46701157093048096, -0.7599231600761414, 1.6025390625, -0.556640625, -1.22998046875, 0, 
786, 1656978266, 0.6295413970947266, -0.004128457512706518, -0.006187101826071739, 0.7769312858581543, -0.24839697778224945, -0.1358330398797989, 9.856389045715332, 0.21363551914691925, 0.5029995441436768, -0.8253930807113647, 1.6044921875, -0.55419921875, -1.23193359375, 0, 
787, 1656986599, 0.6295369863510132, -0.004144720267504454, -0.006182578392326832, 0.7769348621368408, -0.21745358407497406, -0.16156841814517975, 10.029637336730957, 0.20830774307250977, 0.5398328304290771, -0.6790845990180969, 1.6005859375, -0.556640625, -1.232421875, 0, 
788, 1656994932, 0.6295367479324341, -0.004155777860432863, -0.0061833919025957584, 0.7769349217414856, -0.2512865364551544, -0.16060277819633484, 9.814508438110352, 0.17892824113368988, 0.366552472114563, -0.7588217258453369, 1.60009765625, -0.552734375, -1.228515625, 0, 
789, 1657003265, 0.6295345425605774, -0.004173938650637865, -0.0061822873540222645, 0.7769365906715393, -0.2332756668329239, -0.12159833312034607, 9.891373634338379, 0.1552862823009491, 0.5308935046195984, -0.7208101749420166, 1.60205078125, -0.55322265625, -1.23388671875, 0, 
790, 1657011598, 0.6295480728149414, -0.0041824085637927055, -0.006181634031236172, 0.7769257426261902, 0.012939343228936195, 0.2789820730686188, 9.80774974822998, 0.21991100907325745, 0.3623005449771881, -0.9972902536392212, 1.6015625, -0.55419921875, -1.23388671875, 0, 
791, 1657019931, 0.6295655369758606, -0.0041826688684523106, -0.006179867312312126, 0.7769116163253784, -0.15967291593551636, -0.03544948995113373, 9.853549003601074, 0.3160412311553955, 0.34841760993003845, -1.068625807762146, 1.6015625, -0.55419921875, -1.23388671875, 0, 
792, 1657028264, 0.6296030282974243, -0.0041986801661551, -0.006157946307212114, 0.7768813371658325, 0.0003433364618103951, -0.03688005730509758, 9.795082092285156, 0.37971818447113037, 0.6207481622695923, -1.4210264682769775, 1.60400390625, -0.5556640625, -1.2333984375, 0, 
793, 1657036597, 0.6296519041061401, -0.004428036045283079, -0.005970075260847807, 0.776841938495636, 0.12567315995693207, 0.1373904049396515, 9.860039710998535, 0.3201139271259308, 4.411757469177246, -1.5926932096481323, 1.60498046875, -0.55517578125, -1.23193359375, 0, 
794, 1657044930, 0.6296834945678711, -0.004952062852680683, -0.0054566944018006325, 0.7768167853355408, -0.15651850402355194, 0.23034711182117462, 10.467626571655273, 1.230597734451294, 10.302674293518066, -1.2395498752593994, 1.6044921875, -0.55517578125, -1.23046875, 0, 
795, 1657053263, 0.6296510100364685, -0.00501064071431756, -0.0049455659464001656, 0.7768462300300598, -0.22489002346992493, 0.02011062204837799, 11.16491413116455, 5.252596378326416, 5.374520301818848, -0.11851708590984344, 1.60205078125, -0.5546875, -1.23046875, 0, 
796, 1657061596, 0.6295706629753113, -0.004860440734773874, -0.004249909892678261, 0.7769164443016052, 0.0755491629242897, -0.022792844101786613, 10.616915702819824, 9.024421691894531, 4.703863143920898, 0.743158757686615, 1.6025390625, -0.55615234375, -1.22998046875, 0, 
797, 1657069929, 0.6293967366218567, -0.005466080270707607, -0.0028567309491336346, 0.7770597338676453, -0.16575130820274353, 0.04343236982822418, 10.439438819885254, 9.937662124633789, 18.839895248413086, 2.4674718379974365, 1.60791015625, -0.55419921875, -1.228515625, 0, 
798, 1657078262, 0.6290609240531921, -0.007250177673995495, -0.0007778769358992577, 0.7773218750953674, -0.35856175422668457, 0.07605151832103729, 10.900609970092773, 7.05687141418457, 37.347328186035156, 5.321222305297852, 1.607421875, -0.56201171875, -1.2236328125, 0, 
799, 1657086595, 0.6286717653274536, -0.010048232972621918, 0.001526682055555284, 0.7776044011116028, -0.2818000614643097, -0.11993405222892761, 11.317974090576172, 0.6938270926475525, 50.13994216918945, 6.10392427444458, 1.609375, -0.56005859375, -1.22412109375, 0, 
800, 1657094928, 0.6283479332923889, -0.01340837124735117, 0.003353482112288475, 0.777809739112854, -0.18175247311592102, -0.27498728036880493, 11.647482872009277, -9.265946388244629, 52.02057647705078, 4.659688949584961, 1.6162109375, -0.5595703125, -1.2197265625, 0, 
801, 1657103261, 0.6281322240829468, -0.01699039340019226, 0.004058069549500942, 0.7779106497764587, -0.20012547075748444, -0.27461907267570496, 11.642730712890625, -23.160287857055664, 44.72066879272461, 2.3838582038879395, 1.62255859375, -0.55615234375, -1.21728515625, 0, 
802, 1657111594, 0.6279640197753906, -0.020557384938001633, 0.003237662371248007, 0.7779642343521118, -0.24595800042152405, -0.3668516278266907, 11.549866676330566, -39.330238342285156, 31.39314842224121, 1.1136455535888672, 1.62646484375, -0.5537109375, -1.2158203125, 0, 
803, 1657119927, 0.6277749538421631, -0.02404567413032055, 0.0008935354999266565, 0.7780231237411499, -0.28039470314979553, -0.3881836533546448, 11.342698097229004, -54.957801818847656, 17.39608383178711, 0.9536976218223572, 1.630859375, -0.546875, -1.22265625, 0, 
804, 1657128260, 0.6274906992912292, -0.027487749233841896, -0.0026984461583197117, 0.7781341671943665, -0.3404856026172638, -0.31905966997146606, 11.235651969909668, -67.94039916992188, 6.110032081604004, 2.0086638927459717, 1.630859375, -0.54248046875, -1.2236328125, 0, 
805, 1657136593, 0.6270707249641418, -0.030919866636395454, -0.00711283553391695, 0.778316080570221, -0.4503156244754791, -0.3452145457267761, 10.890336990356445, -76.70433044433594, -1.1238815784454346, 3.7616617679595947, 1.62890625, -0.5361328125, -1.22802734375, 0, 
806, 1657144926, 0.6265131831169128, -0.0343659408390522, -0.011958903633058071, 0.7785610556602478, -0.582581102848053, -0.43261846899986267, 10.53848648071289, -81.49858856201172, -4.738994121551514, 5.5979084968566895, 1.630859375, -0.5283203125, -1.23486328125, 0, 
807, 1657153259, 0.6259090304374695, -0.03773852437734604, -0.016994353383779526, 0.7787973284721375, -0.5086216330528259, -0.6795729398727417, 10.110111236572266, -82.91542053222656, -7.158402919769287, 5.920651435852051, 1.630859375, -0.5185546875, -1.2392578125, 0, 
808, 1657161592, 0.6253758668899536, -0.040804289281368256, -0.02217722125351429, 0.7789405584335327, -0.48356813192367554, -0.8988219499588013, 10.101304054260254, -81.8404541015625, -11.656493186950684, 4.208174705505371, 1.62744140625, -0.51025390625, -1.24560546875, 0, 
809, 1657169925, 0.6248444318771362, -0.04331440106034279, -0.027492478489875793, 0.779062032699585, -0.8391191363334656, -1.0310745239257812, 9.58230972290039, -78.48332977294922, -18.726211547851562, 3.7598705291748047, 1.62890625, -0.501953125, -1.25146484375, 0, 
810, 1657178258, 0.6242939829826355, -0.045794777572155, -0.03256874531507492, 0.7791658043861389, -0.8601650595664978, -1.0658776760101318, 8.995688438415527, -75.69404602050781, -17.020084381103516, 3.9394521713256836, 1.6259765625, -0.4951171875, -1.2578125, 0, 
811, 1657186591, 0.6237662434577942, -0.048318296670913696, -0.037319015711545944, 0.7792230844497681, -1.031935214996338, -1.2369694709777832, 8.906054496765137, -72.56856536865234, -13.687236785888672, 3.5255215167999268, 1.62255859375, -0.48681640625, -1.26123046875, 0, 
812, 1657194924, 0.6232934594154358, -0.05095328763127327, -0.04166899994015694, 0.7792129516601562, -0.974647045135498, -1.3267444372177124, 8.887779235839844, -69.24139404296875, -9.010997772216797, 2.6775825023651123, 1.62548828125, -0.47705078125, -1.267578125, 0, 
813, 1657203257, 0.6229022145271301, -0.05374316871166229, -0.04552655294537544, 0.7791227102279663, -1.0221470594406128, -1.3128153085708618, 9.085679054260254, -65.2730484008789, -3.003024101257324, 1.5559040307998657, 1.62255859375, -0.47265625, -1.2685546875, 0, 
814, 1657211590, 0.6226164698600769, -0.05658340081572533, -0.04896094277501106, 0.7789416313171387, -0.9471263289451599, -1.401596188545227, 9.246459007263184, -61.15351867675781, 1.283290147781372, -0.010168884880840778, 1.6240234375, -0.46630859375, -1.27587890625, 0, 
815, 1657219923, 0.6224716305732727, -0.05942883342504501, -0.05205915868282318, 0.7786446213722229, -0.8342299461364746, -1.5269825458526611, 9.189905166625977, -57.5615234375, 4.413921356201172, -2.2467844486236572, 1.623046875, -0.4560546875, -1.27880859375, 0, 
816, 1657228256, 0.6224504709243774, -0.06215333938598633, -0.054974474012851715, 0.7782483100891113, -0.8063973188400269, -1.4812513589859009, 9.131415367126465, -54.54362869262695, 4.833226203918457, -4.360962867736816, 1.62353515625, -0.4521484375, -1.2822265625, 0, 
817, 1657236589, 0.6225112080574036, -0.06446138024330139, -0.0580388680100441, 0.7777894735336304, -0.7503753304481506, -1.4816901683807373, 9.004667282104492, -52.54624938964844, -0.7637928128242493, -6.212287425994873, 1.6259765625, -0.44580078125, -1.283203125, 0, 
818, 1657244922, 0.6226294040679932, -0.06627356261014938, -0.06124741956591606, 0.7772960662841797, -0.6721669435501099, -1.6468720436096191, 8.91474723815918, -49.826175689697266, -7.24615478515625, -7.647812366485596, 1.62744140625, -0.44287109375, -1.28857421875, 0, 
819, 1657253255, 0.6227503418922424, -0.06765773892402649, -0.06451229751110077, 0.7768157124519348, -0.6498405337333679, -1.5368175506591797, 8.61381721496582, -46.74415969848633, -12.291452407836914, -7.9764180183410645, 1.62841796875, -0.4306640625, -1.29052734375, 0, 
820, 1657261588, 0.6228563785552979, -0.06858710944652557, -0.06783141940832138, 0.7763664126396179, -0.5413513779640198, -1.5546746253967285, 8.511674880981445, -43.417110443115234, -17.67085838317871, -8.005412101745605, 1.62353515625, -0.427734375, -1.29150390625, 0, 
821, 1657269921, 0.6229516863822937, -0.06909268349409103, -0.07101109623908997, 0.7759606838226318, -0.40405285358428955, -1.709618091583252, 8.357836723327637, -38.266197204589844, -21.036827087402344, -7.780055046081543, 1.62646484375, -0.4228515625, -1.29345703125, 0, 
822, 1657278254, 0.6230436563491821, -0.0692315623164177, -0.0739574208855629, 0.7755991816520691, -0.3616885542869568, -1.6927870512008667, 8.0449800491333, -32.59566879272461, -23.002920150756836, -7.504340648651123, 1.62353515625, -0.41796875, -1.296875, 0, 
823, 1657286587, 0.6231175065040588, -0.06905228644609451, -0.07659480720758438, 0.7752997875213623, -0.35625022649765015, -1.8311737775802612, 7.792499542236328, -26.527849197387695, -23.821956634521484, -6.805171966552734, 1.6162109375, -0.4140625, -1.30126953125, 0, 
824, 1657294920, 0.6231850385665894, -0.068568654358387, -0.07883088290691376, 0.7750641107559204, -0.3091392517089844, -1.7645535469055176, 7.512657642364502, -19.581382751464844, -23.698362350463867, -6.132796287536621, 1.6162109375, -0.4140625, -1.3056640625, 0, 
825, 1657303253, 0.6232571005821228, -0.06774662435054779, -0.08057918399572372, 0.7748986482620239, -0.2441081404685974, -1.8160508871078491, 7.242033958435059, -11.400261878967285, -23.181791305541992, -5.486700534820557, 1.615234375, -0.4091796875, -1.302734375, 0, 
826, 1657311586, 0.6233656406402588, -0.06653763353824615, -0.081743024289608, 0.7747942209243774, -0.12908190488815308, -1.8700045347213745, 6.978046417236328, -1.7555493116378784, -22.31495475769043, -5.23478364944458, 1.61279296875, -0.40673828125, -1.30859375, 0, 
827, 1657319919, 0.6234861612319946, -0.06481727957725525, -0.08224005997180939, 0.7747905254364014, -0.11602659523487091, -1.917432427406311, 6.861815929412842, 9.85686206817627, -22.124256134033203, -4.464973449707031, 1.6103515625, -0.4091796875, -1.310546875, 0, 
828, 1657328252, 0.6235991716384888, -0.0626109316945076, -0.08183294534683228, 0.774924099445343, -0.14833800494670868, -1.9048477411270142, 6.719632625579834, 23.807668685913086, -19.682069778442383, -2.950556993484497, 1.607421875, -0.41064453125, -1.3115234375, 0, 
829, 1657336585, 0.6237500309944153, -0.060150887817144394, -0.08021920919418335, 0.7751661539077759, -0.0903640165925026, -1.7388091087341309, 6.574753284454346, 38.993797302246094, -12.08847713470459, -1.6693077087402344, 1.60498046875, -0.41162109375, -1.30908203125, 0, 
830, 1657344918, 0.6239331364631653, -0.05752856656908989, -0.07731926441192627, 0.7755125164985657, -0.19685812294483185, -1.6263831853866577, 6.367267608642578, 54.23924255371094, -2.837500810623169, -0.23616382479667664, 1.60009765625, -0.42138671875, -1.30419921875, 0, 
831, 1657353251, 0.6241588592529297, -0.05469299107789993, -0.07323998212814331, 0.7759318947792053, -0.2691356837749481, -1.5263445377349854, 6.036492347717285, 68.75690460205078, 4.996781349182129, 0.6439059972763062, 1.603515625, -0.4296875, -1.30419921875, 0, 
832, 1657361584, 0.6244205236434937, -0.05137161910533905, -0.0682206079363823, 0.776405930519104, -0.245113343000412, -1.2642254829406738, 5.656485080718994, 83.04064178466797, 7.874927520751953, 0.947386622428894, 1.6005859375, -0.435546875, -1.298828125, 0, 
833, 1657369917, 0.6247321963310242, -0.0472874715924263, -0.06239769980311394, 0.7769044041633606, -0.2344525009393692, -0.9994269609451294, 5.166147708892822, 98.22866821289062, 6.662075042724609, 0.4748534858226776, 1.6015625, -0.447265625, -1.296875, 0, 
834, 1657378250, 0.625054657459259, -0.04228286072611809, -0.05574113130569458, 0.777439296245575, -0.3318544328212738, -0.7268819212913513, 4.7165985107421875, 115.08032989501953, 3.9759774208068848, 0.423549085855484, 1.60302734375, -0.4560546875, -1.28955078125, 0, 
835, 1657386583, 0.6253735423088074, -0.03600303456187248, -0.04820609465241432, 0.7780026197433472, -0.31765666604042053, -0.4660224914550781, 4.971573352813721, 135.4544677734375, -2.1260926723480225, 0.2415333092212677, 1.59814453125, -0.47314453125, -1.28125, 0, 
836, 1657394916, 0.6256632208824158, -0.027938103303313255, -0.03954450786113739, 0.7785893678665161, -0.35194528102874756, -0.2192791998386383, 5.951870918273926, 162.8606414794922, -11.568890571594238, 0.12657572329044342, 1.59814453125, -0.48974609375, -1.271484375, 0, 
837, 1657403249, 0.6259557008743286, -0.017942016944289207, -0.02802184596657753, 0.7791486978530884, 0.4335103929042816, -2.08868145942688, 11.436519622802734, 210.10081481933594, -7.616023063659668, -0.08673316985368729, 1.5908203125, -0.51123046875, -1.2626953125, 0, 
838, 1657411582, 0.6263829469680786, -0.004966620355844498, -0.008515257388353348, 0.779453456401825, -1.0529276132583618, 0.10712702572345734, 14.417675018310547, 321.24444580078125, 29.304229736328125, -2.902845859527588, 1.59228515625, -0.5380859375, -1.24267578125, 0, 
839, 1657419915, 0.6261811852455139, -0.0012153753777965903, -0.01150366198271513, 0.7795921564102173, 1.1401264667510986, 1.2050385475158691, -24.905847549438477, 0.5838915705680847, -65.65592193603516, 1.9550524950027466, 1.57177734375, -0.5654296875, -1.24365234375, 0, 
840, 1657428248, 0.6272460222244263, -0.0033005045261234045, -0.008184349164366722, 0.778771162033081, -1.1009124517440796, -0.6887480616569519, -6.103131294250488, 17.817094802856445, 51.44578552246094, -18.859943389892578, 1.583984375, -0.5595703125, -1.236328125, 0, 
841, 1657436581, 0.6278120279312134, -0.0032143264543265104, -0.007379037793725729, 0.7783233523368835, 0.934402346611023, 1.4289315938949585, 0.8032515048980713, 9.642979621887207, 6.434975624084473, -10.656804084777832, 1.58642578125, -0.56103515625, -1.2392578125, 0, 
842, 1657444914, 0.6280823349952698, -0.0039563775062561035, -0.006420267280191183, 0.7781103849411011, -1.0235724449157715, 0.03204856440424919, 18.77363395690918, 4.146241664886475, 16.584186553955078, -5.37589168548584, 1.58837890625, -0.5625, -1.23681640625, 0, 
843, 1657453247, 0.6279942393302917, -0.00349284615367651, -0.006907657254487276, 0.7781795263290405, -0.25699129700660706, 0.8551857471466064, 10.691970825195312, -0.9114313125610352, -8.854687690734863, 0.7124727964401245, 1.591796875, -0.55859375, -1.2353515625, 0, 
844, 1657461580, 0.6280872225761414, -0.003550792345777154, -0.00681460602208972, 0.7781050801277161, 0.16993442177772522, 0.08155649900436401, 9.625494003295898, 0.7786855697631836, 1.6823556423187256, -2.3890397548675537, 1.5869140625, -0.55810546875, -1.236328125, 0, 
845, 1657469913, 0.6281391978263855, -0.003773183561861515, -0.006757175549864769, 0.778062641620636, -0.05320446938276291, -0.3625170886516571, 9.722100257873535, -1.0076639652252197, 3.2097322940826416, -1.6591875553131104, 1.591796875, -0.55859375, -1.2333984375, 0, 
846, 1657478246, 0.6281905174255371, -0.003940321505069733, -0.006533791311085224, 0.778022289276123, -0.434282124042511, 0.2575712502002716, 10.571937561035156, 1.2378721237182617, 4.017247200012207, -1.6292191743850708, 1.58740234375, -0.56005859375, -1.234375, 0, 
847, 1657486579, 0.6282011866569519, -0.00399858970195055, -0.006574764847755432, 0.7780129909515381, -0.2557069957256317, -0.22934159636497498, 9.56139850616455, -0.6420463919639587, 0.5981051325798035, -0.9521579146385193, 1.5908203125, -0.56005859375, -1.2373046875, 0, 
848, 1657494912, 0.6282336711883545, -0.0037750517949461937, -0.006603054236620665, 0.777987539768219, -0.25110888481140137, -0.047302309423685074, 9.718184471130371, 1.9211574792861938, -2.342498540878296, -1.3498190641403198, 1.591796875, -0.55859375, -1.234375, 0, 
849, 1657503245, 0.6282452344894409, -0.003658590605482459, -0.006710023153573275, 0.7779778838157654, -0.10991962999105453, -0.1331782341003418, 9.7192964553833, 0.16120317578315735, -1.8413047790527344, -0.9823827147483826, 1.58837890625, -0.56103515625, -1.23779296875, 0, 
850, 1657511578, 0.62825608253479, -0.0037137181498110294, -0.006664222571998835, 0.777969241142273, -0.19751869142055511, -0.026051083579659462, 10.373180389404297, 0.30059584975242615, 1.2504485845565796, -0.9454213380813599, 1.59130859375, -0.5615234375, -1.23583984375, 0, 
851, 1657519911, 0.6282612085342407, -0.0037881354801356792, -0.0066052814945578575, 0.7779653072357178, -0.2369316816329956, -0.26427626609802246, 9.472731590270996, 0.28783997893333435, 1.6341496706008911, -0.8369706869125366, 1.58837890625, -0.56201171875, -1.23681640625, 0, 
852, 1657528244, 0.6282618045806885, -0.0037756075616925955, -0.0066574509255588055, 0.7779643535614014, -0.21226061880588531, -0.0378313846886158, 9.67691707611084, -0.16003775596618652, -0.3102652430534363, -0.7820026874542236, 1.58984375, -0.56103515625, -1.236328125, 0, 
853, 1657536577, 0.6282661557197571, -0.0037545685190707445, -0.006630597170442343, 0.7779611945152283, -0.20047272741794586, -0.17407873272895813, 9.772693634033203, 0.7694131731987, 0.33563610911369324, -0.834691047668457, 1.59033203125, -0.560546875, -1.23828125, 0, 
854, 1657544910, 0.6282578110694885, -0.003839662065729499, -0.006636716425418854, 0.7779673933982849, -0.22712410986423492, -0.0448843352496624, 10.26654052734375, -0.5118236541748047, 1.1300615072250366, -0.6077744960784912, 1.59130859375, -0.55810546875, -1.236328125, 0, 
855, 1657553243, 0.6282675862312317, -0.003834471572190523, -0.0065793790854513645, 0.7779600024223328, -0.21920602023601532, -0.2108944207429886, 9.864399909973145, 0.958292543888092, 0.7681068778038025, -0.9252886176109314, 1.59375, -0.55712890625, -1.234375, 0, 
856, 1657561576, 0.6282605528831482, -0.0038170444313436747, -0.006623910274356604, 0.7779654264450073, -0.24775302410125732, -0.13581818342208862, 9.816790580749512, -0.035501331090927124, -0.30124902725219727, -0.6454787254333496, 1.58935546875, -0.55908203125, -1.2353515625, 0, 
857, 1657569909, 0.628264307975769, -0.003788965055719018, -0.0066183386370539665, 0.7779625058174133, -0.17506617307662964, -0.190673366189003, 9.603271484375, 0.6016654968261719, 0.0761895403265953, -0.8260334134101868, 1.59375, -0.56005859375, -1.23876953125, 0, 
858, 1657578242, 0.6282582879066467, -0.003786202985793352, -0.00663117878139019, 0.7779673337936401, -0.17293427884578705, -0.11569008231163025, 9.820195198059082, 0.17011694610118866, 0.10231605917215347, -0.6549304723739624, 1.58984375, -0.55859375, -1.23291015625, 0, 
859, 1657586575, 0.6282589435577393, -0.0038086173590272665, -0.006608148105442524, 0.7779669165611267, -0.17163944244384766, -0.2000860720872879, 9.966263771057129, 0.35320746898651123, 0.766365110874176, -0.7659425139427185, 1.5888671875, -0.56103515625, -1.234375, 0, 
860, 1657594908, 0.628257155418396, -0.003832255955785513, -0.006598489359021187, 0.7779683470726013, -0.213769793510437, -0.16815589368343353, 10.00137710571289, 0.18497318029403687, 0.587782621383667, -0.7267526388168335, 1.58984375, -0.56298828125, -1.236328125, 0, 
861, 1657603241, 0.6282519698143005, -0.003800758859142661, -0.006622972898185253, 0.7779725193977356, -0.2336762249469757, -0.15674740076065063, 9.740570068359375, 0.3095608651638031, -0.22294631600379944, -0.6717845797538757, 1.58935546875, -0.560546875, -1.2353515625, 0, 
862, 1657611574, 0.6282574534416199, -0.00375194288790226, -0.006646511144936085, 0.7779681086540222, -0.18477939069271088, -0.14628994464874268, 9.734333038330078, 0.45830270648002625, -0.45977553725242615, -0.8623545169830322, 1.59326171875, -0.5595703125, -1.2373046875, 0, 
863, 1657619907, 0.628258228302002, -0.0037292970810085535, -0.006670677103102207, 0.7779673337936401, -0.2149069458246231, -0.12407336384057999, 9.823006629943848, 0.23627851903438568, -0.12435711175203323, -0.7774177193641663, 1.58984375, -0.55810546875, -1.2392578125, 0, 
864, 1657628240, 0.6282543540000916, -0.003733340883627534, -0.0066757421009242535, 0.7779704928398132, -0.24521376192569733, -0.1720544844865799, 10.055659294128418, 0.19678135216236115, 0.24649856984615326, -0.6922759413719177, 1.58837890625, -0.55810546875, -1.23779296875, 0, 
865, 1657636573, 0.6282490491867065, -0.0036214818246662617, -0.006749813910573721, 0.7779746651649475, -0.2737153172492981, -0.1729632318019867, 9.915754318237305, 0.47295406460762024, -1.5098567008972168, -0.6811593174934387, 1.58740234375, -0.55908203125, -1.2353515625, 0, 
866, 1657644906, 0.6282422542572021, -0.0033979222644120455, -0.006873197387903929, 0.7779799103736877, -0.2546318471431732, -0.09353596717119217, 9.93515396118164, 0.8992263078689575, -3.2027788162231445, -0.6689670085906982, 1.587890625, -0.56201171875, -1.23779296875, 0, 
867, 1657653239, 0.6282077431678772, -0.003308295039460063, -0.006924519315361977, 0.7780077457427979, -0.1510036736726761, 0.1812029778957367, 9.766641616821289, 0.5261803865432739, -1.080869436264038, -0.1620868742465973, 1.59326171875, -0.5595703125, -1.236328125, 0, 
868, 1657661572, 0.6280505657196045, -0.003295581554993987, -0.00693237129598856, 0.7781346440315247, -0.14655597507953644, 0.5267679691314697, 9.744715690612793, 0.3169889450073242, 0.028470220044255257, 2.0158531665802, 1.59033203125, -0.55859375, -1.236328125, 0, 
869, 1657669905, 0.6277834177017212, -0.0034956950694322586, -0.0067369211465120316, 0.7783510088920593, 0.007984267547726631, 0.007017234805971384, 10.209362983703613, 0.6707984209060669, 4.121906280517578, 3.9959611892700195, 1.5927734375, -0.56005859375, -1.23681640625, 0, 
870, 1657678238, 0.6275892853736877, -0.0035863895900547504, -0.006388672161847353, 0.7785102128982544, 0.16391493380069733, -0.25867319107055664, 10.767424583435059, 3.234450340270996, 4.195650100708008, 2.717785596847534, 1.5869140625, -0.55908203125, -1.234375, 0, 
871, 1657686571, 0.6273928284645081, -0.0031534621957689524, -0.006139353848993778, 0.7786723971366882, -0.0602714978158474, -0.10538371652364731, 10.645917892456055, 6.708304405212402, -2.1801557540893555, 2.7162744998931885, 1.5908203125, -0.5595703125, -1.23681640625, 0, 
872, 1657694904, 0.6271460652351379, -0.0026139761321246624, -0.005860527046024799, 0.7788754105567932, -0.018999608233571053, 0.03808841481804848, 9.884297370910645, 7.943730354309082, -3.0887184143066406, 3.6013998985290527, 1.58935546875, -0.56591796875, -1.23486328125, 0, 
873, 1657703237, 0.6268666982650757, -0.002702886238694191, -0.0050751157104969025, 0.7791054248809814, -0.08187106996774673, -0.10028442740440369, 9.916788101196289, 7.95389986038208, 8.023006439208984, 4.251899719238281, 1.587890625, -0.56298828125, -1.2333984375, 0, 
874, 1657711570, 0.626575231552124, -0.0036446559242904186, -0.0035841981880366802, 0.7793442010879517, -0.1407623589038849, -0.19997172057628632, 10.379693984985352, 8.15664005279541, 23.213462829589844, 4.5429558753967285, 1.59375, -0.56494140625, -1.23388671875, 0, 
875, 1657719903, 0.6263059377670288, -0.005338648799806833, -0.0016210799803957343, 0.779557466506958, -0.209207683801651, -0.11495056748390198, 11.045710563659668, 6.738921642303467, 35.3729362487793, 4.145707607269287, 1.5927734375, -0.5654296875, -1.22802734375, 0, 
876, 1657728236, 0.626096785068512, -0.007734465412795544, 0.00048249278916046023, 0.7797067165374756, -0.19732238352298737, -0.02167402394115925, 11.272600173950195, 2.1960785388946533, 44.07224655151367, 2.975008964538574, 1.5947265625, -0.56640625, -1.2255859375, 0, 
877, 1657736569, 0.6259498596191406, -0.010753841139376163, 0.0022489719558507204, 0.7797858119010925, -0.22073139250278473, -0.06677144765853882, 11.400744438171387, -6.771239757537842, 47.90331268310547, 1.6641730070114136, 1.6005859375, -0.56640625, -1.22265625, 0, 
878, 1657744902, 0.6258294582366943, -0.014268463477492332, 0.0033360784873366356, 0.7798223495483398, -0.25568026304244995, -0.046754587441682816, 11.398409843444824, -18.31585693359375, 47.3673210144043, 0.8988439440727234, 1.6044921875, -0.564453125, -1.22265625, 0, 
879, 1657753235, 0.6256935596466064, -0.01818986050784588, 0.0035061200615018606, 0.7798490524291992, -0.21191444993019104, -0.08796954900026321, 11.335243225097656, -31.653152465820312, 43.844058990478516, 0.7809159159660339, 1.61474609375, -0.5634765625, -1.22216796875, 0, 
880, 1657761568, 0.6255213022232056, -0.022319216281175613, 0.00265970709733665, 0.7798833847045898, -0.31882238388061523, -0.1751517355442047, 11.42628002166748, -44.35161209106445, 37.32605743408203, 0.9720757603645325, 1.6171875, -0.55712890625, -1.2216796875, 0, 
881, 1657769901, 0.6252657175064087, -0.02644328586757183, 0.0007514950702898204, 0.7799635529518127, -0.41536542773246765, -0.29300400614738464, 11.20923900604248, -55.72101974487305, 28.1256160736084, 1.93486750125885, 1.6201171875, -0.55029296875, -1.22314453125, 0, 
882, 1657778234, 0.6248970627784729, -0.03050113655626774, -0.0021403119899332523, 0.7801081538200378, -0.5241546034812927, -0.3816586434841156, 10.830699920654297, -65.7451171875, 18.935232162475586, 3.3437085151672363, 1.62353515625, -0.54736328125, -1.228515625, 0, 
883, 1657786567, 0.6244474053382874, -0.03432631120085716, -0.005916503723710775, 0.780289888381958, -0.6602352857589722, -0.5324599146842957, 10.469083786010742, -73.26393127441406, 8.823108673095703, 4.154507637023926, 1.62353515625, -0.53857421875, -1.22998046875, 0, 
884, 1657794900, 0.6239613890647888, -0.037816695868968964, -0.010302395559847355, 0.7804717421531677, -0.7213898301124573, -0.7338405847549438, 10.116089820861816, -76.94984436035156, -0.013370701111853123, 4.229764938354492, 1.625, -0.53369140625, -1.23828125, 0, 
885, 1657803233, 0.6234862804412842, -0.04107176512479782, -0.014925599098205566, 0.7806122303009033, -0.8479003310203552, -0.8308991193771362, 9.727248191833496, -77.47663116455078, -4.547140121459961, 3.603724479675293, 1.62451171875, -0.52490234375, -1.24169921875, 0, 
886, 1657811566, 0.6230362057685852, -0.04409826546907425, -0.019584497436881065, 0.7807035446166992, -1.0009245872497559, -0.8184290528297424, 9.340743064880371, -75.90193176269531, -7.294460296630859, 2.8404157161712646, 1.62451171875, -0.51318359375, -1.24853515625, 0, 
887, 1657819899, 0.6226552724838257, -0.046867746859788895, -0.024152807891368866, 0.7807182669639587, -1.0196809768676758, -0.8193130493164062, 9.185480117797852, -72.70001983642578, -9.191556930541992, 1.432111382484436, 1.62548828125, -0.50927734375, -1.25439453125, 0, 
888, 1657828232, 0.6223409175872803, -0.049466829746961594, -0.02836422622203827, 0.780666708946228, -1.0666759014129639, -1.0110244750976562, 9.12094497680664, -67.40164947509766, -7.9599385261535645, 0.31581202149391174, 1.6240234375, -0.50146484375, -1.25537109375, 0, 
889, 1657836565, 0.6220977306365967, -0.05216414853930473, -0.03186202049255371, 0.7805501222610474, -1.1304850578308105, -1.0593128204345703, 9.141057968139648, -60.545379638671875, -0.6671247482299805, -0.47537603974342346, 1.62353515625, -0.49560546875, -1.26123046875, 0, 
890, 1657844898, 0.6219143271446228, -0.055046189576387405, -0.034579090774059296, 0.7803825736045837, -1.1877405643463135, -1.1087329387664795, 9.26441764831543, -53.728736877441406, 8.038291931152344, -0.9132522344589233, 1.623046875, -0.48876953125, -1.259765625, 0, 
891, 1657853231, 0.6218047142028809, -0.058109913021326065, -0.03663367033004761, 0.7801539897918701, -1.1847370862960815, -1.229555606842041, 9.342549324035645, -48.14234161376953, 15.754389762878418, -1.637368083000183, 1.62646484375, -0.4833984375, -1.267578125, 0, 
892, 1657861564, 0.6217895150184631, -0.061385273933410645, -0.038175251334905624, 0.7798413038253784, -1.019558072090149, -1.2207309007644653, 9.46325397491455, -44.420379638671875, 22.50106430053711, -2.856428623199463, 1.62451171875, -0.47900390625, -1.265625, 0, 
893, 1657869897, 0.6219246983528137, -0.0647864118218422, -0.03951309993863106, 0.7793915271759033, -0.8437401652336121, -1.1318296194076538, 9.403050422668457, -43.250606536865234, 25.811664581298828, -5.399979591369629, 1.63623046875, -0.4697265625, -1.2724609375, 0, 
894, 1657878230, 0.6221916079521179, -0.06797926872968674, -0.04111397638916969, 0.7788234949111938, -0.7654821276664734, -1.2616653442382812, 9.406771659851074, -44.2452507019043, 21.456693649291992, -8.178617477416992, 1.634765625, -0.46875, -1.26806640625, 0, 
895, 1657886563, 0.6225088238716125, -0.0706404596567154, -0.04327144846320152, 0.7782161235809326, -0.738749623298645, -1.3426966667175293, 9.270544052124023, -45.62355041503906, 11.116689682006836, -9.86664867401123, 1.638671875, -0.46142578125, -1.27099609375, 0, 
896, 1657894896, 0.6228142380714417, -0.0726233646273613, -0.04601885750889778, 0.7776313424110413, -0.659343421459198, -1.4899346828460693, 9.023788452148438, -46.1357307434082, -1.26665198802948, -10.530468940734863, 1.642578125, -0.4560546875, -1.2724609375, 0, 
897, 1657903229, 0.6230673789978027, -0.07393351197242737, -0.04916686937212944, 0.7771122455596924, -0.6924417614936829, -1.5448966026306152, 8.775914192199707, -44.66081619262695, -11.946861267089844, -10.228527069091797, 1.64208984375, -0.44873046875, -1.27978515625, 0, 
898, 1657911562, 0.623264491558075, -0.0746595561504364, -0.052455540746450424, 0.7766696214675903, -0.7014074921607971, -1.5897586345672607, 8.384401321411133, -41.16942596435547, -19.529661178588867, -9.516779899597168, 1.64306640625, -0.44287109375, -1.27880859375, 0, 
899, 1657919895, 0.6234609484672546, -0.07507391273975372, -0.0554904043674469, 0.776261031627655, -0.7129880785942078, -1.5910542011260986, 7.900359630584717, -35.757118225097656, -20.698511123657227, -9.17585277557373, 1.63720703125, -0.44140625, -1.287109375, 0, 
900, 1657928228, 0.6236748695373535, -0.07527316361665726, -0.05806402117013931, 0.7758815288543701, -0.7460631728172302, -1.604021430015564, 7.563595294952393, -28.9520320892334, -19.063007354736328, -8.804852485656738, 1.63720703125, -0.43701171875, -1.28369140625, 0, 
901, 1657936561, 0.6239256262779236, -0.07510165125131607, -0.060220759361982346, 0.7755320072174072, -0.5988026857376099, -1.6457630395889282, 7.169114589691162, -21.259471893310547, -19.437681198120117, -8.802978515625, 1.63720703125, -0.4345703125, -1.28662109375, 0, 
902, 1657944894, 0.6242314577102661, -0.07441719621419907, -0.061989396810531616, 0.7752125859260559, -0.4663548767566681, -1.7664943933486938, 6.77723503112793, -12.638299942016602, -21.5654296875, -9.156248092651367, 1.630859375, -0.43212890625, -1.29052734375, 0, 
903, 1657953227, 0.624545693397522, -0.07294711470603943, -0.06344005465507507, 0.7749817967414856, -0.3684353828430176, -1.8359049558639526, 6.537683010101318, -2.4215972423553467, -27.292680740356445, -8.828567504882812, 1.6328125, -0.4287109375, -1.29345703125, 0, 
904, 1657961560, 0.6248618364334106, -0.07064766436815262, -0.06442275643348694, 0.7748588919639587, -0.24084270000457764, -1.8587745428085327, 6.122229099273682, 9.78563404083252, -32.22117614746094, -8.176941871643066, 1.6279296875, -0.42724609375, -1.29443359375, 0, 
905, 1657969893, 0.625163197517395, -0.0676482766866684, -0.06468445062637329, 0.7748616933822632, -0.1858922243118286, -1.7383114099502563, 5.744754314422607, 23.580795288085938, -33.615970611572266, -6.857786178588867, 1.6240234375, -0.4296875, -1.29443359375, 0, 
906, 1657978226, 0.6253990530967712, -0.06401446461677551, -0.0640561431646347, 0.7750324010848999, -0.19999930262565613, -1.6268171072006226, 5.226339817047119, 38.60561752319336, -32.941566467285156, -4.45486307144165, 1.62060546875, -0.431640625, -1.29296875, 0, 
907, 1657986559, 0.6255155205726624, -0.0597090944647789, -0.06250347942113876, 0.7754088044166565, -0.334750771522522, -1.452708125114441, 4.778439521789551, 54.31001281738281, -32.43455123901367, -1.18950355052948, 1.615234375, -0.439453125, -1.29345703125, 0, 
908, 1657994892, 0.6255061626434326, -0.05446525290608406, -0.06004834547638893, 0.7759961485862732, -0.24718543887138367, -1.0857046842575073, 4.393970012664795, 72.08199310302734, -34.960933685302734, 1.9010353088378906, 1.61279296875, -0.44677734375, -1.29248046875, 0, 
909, 1658003225, 0.6254308223724365, -0.04823477566242218, -0.056472159922122955, 0.7767372727394104, -0.17739857733249664, -0.5575436353683472, 4.019686698913574, 92.61053466796875, -36.016361236572266, 3.952451705932617, 1.6025390625, -0.45703125, -1.29296875, 0, 
910, 1658011558, 0.625332236289978, -0.04108725115656853, -0.05138508975505829, 0.777580201625824, -0.18731454014778137, -0.17055395245552063, 3.815868377685547, 116.70113372802734, -32.90108871459961, 5.367135524749756, 1.60302734375, -0.46533203125, -1.28955078125, 0, 
911, 1658019891, 0.6252161860466003, -0.032919444143772125, -0.04435126110911369, 0.7784947752952576, -0.3294256031513214, -0.0963325947523117, 4.626020431518555, 146.3335418701172, -27.12359619140625, 6.549598217010498, 1.59130859375, -0.4814453125, -1.28515625, 0, 
912, 1658028224, 0.6251522302627563, -0.023302245885133743, -0.0348164327442646, 0.7793777585029602, -0.05067378282546997, 0.1088542640209198, 6.41348123550415, 185.57586669921875, -21.092151641845703, 5.967647552490234, 1.58544921875, -0.5009765625, -1.2744140625, 0, 
913, 1658036557, 0.6253997087478638, -0.010240430943667889, -0.014286346733570099, 0.780106782913208, 1.1745431423187256, -3.5481486320495605, 7.015878677368164, 333.0848693847656, 36.71609115600586, 3.180565357208252, 1.5859375, -0.525390625, -1.25537109375, 0, 
914, 1658044890, 0.6247763633728027, 0.004033166915178299, -0.014539944007992744, 0.7806581854820251, -3.0777933597564697, 6.021494388580322, -0.7372022867202759, 120.35881042480469, -155.18214416503906, 7.829987049102783, 1.57568359375, -0.56298828125, -1.2451171875, 0, 
915, 1658053223, 0.6254435181617737, -0.0022913161665201187, -0.010049767792224884, 0.7802016139030457, 0.12391211837530136, -2.1429994106292725, -17.228614807128906, -5.962594032287598, 106.90997314453125, -10.829041481018066, 1.57666015625, -0.5615234375, -1.2431640625, 0, 
916, 1658061556, 0.6260417699813843, 0.00014356225437950343, -0.009778925217688084, 0.7797281742095947, 1.2451773881912231, 0.8128761053085327, 1.5068778991699219, 24.101192474365234, -23.370071411132812, -11.578312873840332, 1.578125, -0.56298828125, -1.24072265625, 0, 
917, 1658069889, 0.6263814568519592, -0.002389132510870695, -0.00824168510735035, 0.7794694900512695, 0.745698869228363, -0.8843121528625488, 5.496435642242432, -5.057051658630371, 40.763282775878906, -6.290865898132324, 1.5810546875, -0.5625, -1.2431640625, 0, 
918, 1658078222, 0.6266151666641235, -0.0026441412046551704, -0.007451471406966448, 0.7792887687683105, -0.6561583876609802, 0.7995696067810059, 13.215190887451172, 6.561202526092529, 9.898405075073242, -4.766195297241211, 1.58251953125, -0.5654296875, -1.24609375, 0, 
919, 1658086555, 0.6266480088233948, -0.0024757019709795713, -0.00760685745626688, 0.7792614102363586, 0.052748262882232666, -0.07453331351280212, 9.158781051635742, 0.08456539362668991, -2.812622308731079, -1.371411681175232, 1.5791015625, -0.5634765625, -1.2431640625, 0, 
920, 1658094888, 0.6267176270484924, -0.0027540980372577906, -0.007438890170305967, 0.7792060971260071, -0.061888497322797775, 0.12546208500862122, 10.022608757019043, -0.30729398131370544, 4.7366228103637695, -1.9479368925094604, 1.5810546875, -0.5634765625, -1.244140625, 0, 
921, 1658103221, 0.6267906427383423, -0.002993187867105007, -0.007356319576501846, 0.7791472673416138, -0.15245424211025238, -0.2010010927915573, 10.403667449951172, -0.8804637789726257, 3.6106724739074707, -2.0222184658050537, 1.57861328125, -0.5654296875, -1.24365234375, 0, 
922, 1658111554, 0.6268512606620789, -0.0030831992626190186, -0.0073150647804141045, 0.7790986895561218, -0.4254605770111084, 0.11735616624355316, 9.999005317687988, -0.04584948346018791, 1.5937817096710205, -1.817124843597412, 1.58154296875, -0.5634765625, -1.244140625, 0, 
923, 1658119887, 0.6268922090530396, -0.002909774426370859, -0.007378074340522289, 0.7790658473968506, -0.3522876799106598, -0.1956641674041748, 9.618070602416992, 1.1177667379379272, -2.06881046295166, -1.5020699501037598, 1.58251953125, -0.56298828125, -1.24365234375, 0, 
924, 1658128220, 0.626922070980072, -0.0027683936059474945, -0.007485788781195879, 0.779041051864624, -0.24772849678993225, 0.09905371069908142, 9.476253509521484, 0.3571777045726776, -2.147062301635742, -1.3107573986053467, 1.57861328125, -0.56494140625, -1.24462890625, 0, 
925, 1658136553, 0.6269375681877136, -0.0027537401765584946, -0.007444883696734905, 0.7790290117263794, -0.2108372002840042, -0.275119811296463, 10.443880081176758, 0.8647493720054626, 0.5257449746131897, -1.0308191776275635, 1.5810546875, -0.56494140625, -1.24462890625, 0, 
926, 1658144886, 0.6269379258155823, -0.002858781022951007, -0.007450162433087826, 0.7790283560752869, -0.2163870632648468, -0.06462586671113968, 9.610075950622559, -0.6713746786117554, 1.3505232334136963, -0.7587960958480835, 1.58251953125, -0.56640625, -1.2470703125, 0, 
927, 1658153219, 0.6269530653953552, -0.002862275345250964, -0.007395134307444096, 0.7790166735649109, -0.21460701525211334, -0.23087257146835327, 9.613113403320312, 0.8576540946960449, 0.8417733907699585, -1.0192159414291382, 1.580078125, -0.56298828125, -1.24462890625, 0, 
928, 1658161552, 0.626956582069397, -0.002890719333663583, -0.007429430726915598, 0.7790133953094482, -0.24075771868228912, -0.051543232053518295, 9.611082077026367, -0.32268816232681274, 0.27382898330688477, -0.8227804899215698, 1.580078125, -0.56298828125, -1.2421875, 0, 
929, 1658169885, 0.6269673109054565, -0.0029524911660701036, -0.00735817477107048, 0.779005229473114, -0.20820587873458862, -0.1685914248228073, 10.207616806030273, 0.5302786231040955, 1.6043603420257568, -0.9353805184364319, 1.58349609375, -0.5634765625, -1.24560546875, 0, 
930, 1658178218, 0.6269617080688477, -0.0030014917720109224, -0.0073543088510632515, 0.7790096402168274, -0.2105582356452942, -0.1522125005722046, 9.95811653137207, -0.09362003207206726, 0.8174143433570862, -0.6592591404914856, 1.580078125, -0.5654296875, -1.24365234375, 0, 
931, 1658186551, 0.6269600987434387, -0.0030225745867937803, -0.00733190355822444, 0.779011070728302, -0.21304742991924286, -0.1809597760438919, 9.870636940002441, 0.35825347900390625, 0.7458480596542358, -0.7273418307304382, 1.5791015625, -0.5634765625, -1.24365234375, 0, 
932, 1658194884, 0.6269659996032715, -0.00298130139708519, -0.007367554120719433, 0.7790060639381409, -0.21167407929897308, -0.12985986471176147, 9.692059516906738, 0.2652738392353058, -0.4756563603878021, -0.8722672462463379, 1.5830078125, -0.5634765625, -1.24462890625, 0, 
933, 1658203217, 0.6269644498825073, -0.0028657913208007812, -0.007423417177051306, 0.7790071964263916, -0.2730119824409485, -0.1779913604259491, 9.845276832580566, 0.6972834467887878, -1.3913651704788208, -0.7487040758132935, 1.580078125, -0.5625, -1.2421875, 0, 
934, 1658211550, 0.6269636154174805, -0.0027625069487839937, -0.007481460925191641, 0.7790076732635498, -0.171796977519989, -0.14762753248214722, 9.893125534057617, 0.5539973974227905, -1.3753818273544312, -0.7621514797210693, 1.57666015625, -0.56494140625, -1.24365234375, 0, 
935, 1658219883, 0.6269559264183044, -0.002673584269359708, -0.007535177282989025, 0.7790136933326721, -0.2484683096408844, -0.13713429868221283, 10.143811225891113, 0.490704745054245, -1.0889379978179932, -0.6357197165489197, 1.57861328125, -0.564453125, -1.2451171875, 0, 
936, 1658228216, 0.6269346475601196, -0.0025045964866876602, -0.007629766594618559, 0.779030442237854, -0.253478467464447, 0.028925593942403793, 9.827370643615723, 0.7289426922798157, -2.3934195041656494, -0.40972527861595154, 1.57861328125, -0.5615234375, -1.25048828125, 0, 
937, 1658236549, 0.6268797516822815, -0.0022713900543749332, -0.007769845891743898, 0.77907395362854, -0.27827373147010803, 0.06233596429228783, 9.714393615722656, 0.8130086064338684, -3.387303113937378, 0.1738053858280182, 1.58154296875, -0.564453125, -1.2421875, 0, 
938, 1658244882, 0.6268144845962524, -0.002245361916720867, -0.007806699723005295, 0.7791262269020081, -0.05137184262275696, -0.20785410702228546, 9.380602836608887, 0.12029725313186646, -0.35081252455711365, 0.3842519223690033, 1.5771484375, -0.56396484375, -1.2451171875, 0, 
939, 1658253215, 0.6267552971839905, -0.002702654106542468, -0.007501482032239437, 0.7791754007339478, -0.3225328326225281, -0.12379547953605652, 9.958595275878906, -0.3681022524833679, 7.850546836853027, 0.35546159744262695, 1.5771484375, -0.56591796875, -1.244140625, 0, 
940, 1658261548, 0.6266100406646729, -0.003421397879719734, -0.0069026765413582325, 0.7792949676513672, -0.30295464396476746, 0.15090312063694, 10.540157318115234, 0.5185730457305908, 13.113912582397461, 1.9244871139526367, 1.58056640625, -0.5634765625, -1.24560546875, 0, 
941, 1658269881, 0.6265637874603271, -0.004008464515209198, -0.006065094377845526, 0.7793363928794861, 0.05415680631995201, 0.15259942412376404, 10.968008041381836, 4.2191386222839355, 13.8290376663208, 0.1882774531841278, 1.58203125, -0.564453125, -1.240234375, 0, 
942, 1658278214, 0.6266221404075623, -0.0043183607049286366, -0.00506875803694129, 0.7792949676513672, -0.06360587477684021, 0.07264696061611176, 10.974130630493164, 8.302614212036133, 12.208528518676758, -1.6615958213806152, 1.58251953125, -0.56591796875, -1.240234375, 0, 
943, 1658286547, 0.626646101474762, -0.005122995004057884, -0.003389454912394285, 0.779279887676239, -0.309717059135437, 0.050119318068027496, 10.415872573852539, 11.363134384155273, 23.42406463623047, -0.9894784092903137, 1.58642578125, -0.56298828125, -1.23974609375, 0, 
944, 1658294880, 0.6265668272972107, -0.0069916946813464165, -0.0007614608621224761, 0.7793360352516174, -0.2326306700706482, 0.34348154067993164, 10.377791404724121, 12.355342864990234, 42.98361587524414, 0.8438496589660645, 1.5908203125, -0.56396484375, -1.23779296875, 0, 
945, 1658303213, 0.6264326572418213, -0.00960774626582861, 0.0021650248672813177, 0.7794133424758911, -0.23524685204029083, 0.29853710532188416, 10.83105754852295, 9.109636306762695, 53.57037353515625, 1.6528780460357666, 1.5908203125, -0.5693359375, -1.234375, 0, 
946, 1658311546, 0.6263098120689392, -0.012533897534012794, 0.0046025048941373825, 0.7794599533081055, -0.34733670949935913, -0.08904621750116348, 10.930831909179688, 1.1963285207748413, 52.665164947509766, 1.1954833269119263, 1.603515625, -0.56689453125, -1.2294921875, 0, 
947, 1658319879, 0.6261937022209167, -0.015649493783712387, 0.0060151368379592896, 0.7794873714447021, -0.34580928087234497, -0.20437663793563843, 10.711545944213867, -11.4130859375, 45.89085006713867, 0.7665971517562866, 1.6064453125, -0.56689453125, -1.2265625, 0, 
948, 1658328212, 0.6261346340179443, -0.018911197781562805, 0.006116855423897505, 0.7794617414474487, -0.3325866162776947, -0.25120970606803894, 10.765514373779297, -26.708520889282227, 36.16893768310547, -0.5946610569953918, 1.61083984375, -0.56787109375, -1.22802734375, 0, 
949, 1658336545, 0.6261152625083923, -0.021947655826807022, 0.004781162831932306, 0.7794070243835449, -0.4033292233943939, -0.4833109974861145, 11.054034233093262, -40.16367721557617, 21.39021873474121, -1.6262763738632202, 1.6162109375, -0.56201171875, -1.2265625, 0, 
950, 1658344878, 0.6260934472084045, -0.02475920505821705, 0.0023360976483672857, 0.7793512940406799, -0.4276880621910095, -0.6032357811927795, 11.029998779296875, -50.11771774291992, 9.417695999145508, -1.9281671047210693, 1.61474609375, -0.55517578125, -1.22900390625, 0, 
951, 1658353211, 0.626056432723999, -0.02742573618888855, -0.0008434371557086706, 0.7792949080467224, -0.5268401503562927, -0.5455895066261292, 10.916661262512207, -56.74571228027344, 1.5502933263778687, -2.0165889263153076, 1.6181640625, -0.55029296875, -1.2314453125, 0, 
952, 1658361544, 0.6259981393814087, -0.03001575730741024, -0.00454159639775753, 0.7792333364486694, -0.6152175068855286, -0.4460819363594055, 10.658357620239258, -61.6537971496582, -3.737820625305176, -2.0299346446990967, 1.615234375, -0.54541015625, -1.236328125, 0, 
953, 1658369877, 0.6258952021598816, -0.03265766054391861, -0.008513444103300571, 0.7791765332221985, -0.7043850421905518, -0.4902237057685852, 10.3359375, -65.04869079589844, -5.537895202636719, -1.6208491325378418, 1.6162109375, -0.5380859375, -1.244140625, 0, 
954, 1658378210, 0.6257485747337341, -0.03532848134636879, -0.012583661824464798, 0.7791227102279663, -0.7022866606712341, -0.525126039981842, 10.143325805664062, -66.37503814697266, -6.088040351867676, -1.168782114982605, 1.6181640625, -0.52880859375, -1.24609375, 0, 
955, 1658386543, 0.6255797743797302, -0.0379510298371315, -0.016675598919391632, 0.7790580987930298, -0.7671198844909668, -0.5521280169487, 9.911564826965332, -66.20105743408203, -6.783391952514648, -1.0407871007919312, 1.6171875, -0.52587890625, -1.251953125, 0, 
956, 1658394876, 0.6253870129585266, -0.04040468484163284, -0.0207182876765728, 0.7789924144744873, -0.7705054879188538, -0.7156987190246582, 9.678525924682617, -64.24011993408203, -8.205268859863281, -0.8094896674156189, 1.61669921875, -0.51806640625, -1.2568359375, 0, 
957, 1658403209, 0.6251768469810486, -0.042580895125865936, -0.024738838896155357, 0.7789278626441956, -0.7393307089805603, -0.9026416540145874, 9.451733589172363, -61.62147521972656, -10.960394859313965, -0.6771146059036255, 1.61181640625, -0.51025390625, -1.26171875, 0, 
958, 1658411542, 0.6249542832374573, -0.04439662769436836, -0.028656961396336555, 0.7788709402084351, -0.7190357446670532, -1.0881716012954712, 9.587615966796875, -57.445430755615234, -14.048656463623047, -0.5531923174858093, 1.61474609375, -0.50244140625, -1.263671875, 0, 
959, 1658419875, 0.6247469782829285, -0.04615531861782074, -0.03211861476302147, 0.7787999510765076, -0.6100091338157654, -1.0647742748260498, 9.388617515563965, -52.04581832885742, -10.624658584594727, -0.5694314241409302, 1.61181640625, -0.5, -1.271484375, 0, 
960, 1658428208, 0.6245444416999817, -0.04814159870147705, -0.0348847359418869, 0.7787231206893921, -0.7108091711997986, -1.0789991617202759, 9.652607917785645, -46.562232971191406, -2.2712697982788086, -0.1379329115152359, 1.615234375, -0.4931640625, -1.27001953125, 0, 
961, 1658436541, 0.6243148446083069, -0.05036291852593422, -0.03702040761709213, 0.7786681652069092, -0.6701489686965942, -1.1146774291992188, 9.832528114318848, -41.82611083984375, 5.697524547576904, 0.8786336779594421, 1.6162109375, -0.49169921875, -1.27490234375, 0, 
962, 1658444874, 0.6240872144699097, -0.05294159799814224, -0.03866054117679596, 0.7785999178886414, -0.6695783138275146, -1.1557352542877197, 9.764622688293457, -39.60514831542969, 13.722116470336914, 1.261976957321167, 1.61865234375, -0.4873046875, -1.27783203125, 0, 
963, 1658453207, 0.6238558292388916, -0.05596153810620308, -0.040032900869846344, 0.7785048484802246, -0.6902140378952026, -1.322359561920166, 9.755046844482422, -40.53180694580078, 20.829469680786133, 1.5080535411834717, 1.6162109375, -0.48046875, -1.27685546875, 0, 
964, 1658461540, 0.6236104369163513, -0.05926289036870003, -0.04152391478419304, 0.778378963470459, -0.7313636541366577, -1.2025226354599, 9.835820198059082, -44.258907318115234, 22.74662971496582, 1.4430707693099976, 1.61962890625, -0.47314453125, -1.27880859375, 0, 
965, 1658469873, 0.623337984085083, -0.06257423013448715, -0.04346027225255966, 0.7782323360443115, -0.5967784523963928, -1.2586618661880493, 9.749862670898438, -49.12833023071289, 19.130104064941406, 1.2121583223342896, 1.623046875, -0.47265625, -1.27978515625, 0, 
966, 1658478206, 0.6230664849281311, -0.06572387367486954, -0.045966360718011856, 0.778046190738678, -0.5108857750892639, -1.4830597639083862, 9.679587364196777, -53.87940979003906, 12.457938194274902, 0.2614067494869232, 1.62841796875, -0.4658203125, -1.28271484375, 0, 
967, 1658486539, 0.6227933168411255, -0.06848428398370743, -0.04910670593380928, 0.777834951877594, -0.594272255897522, -1.456479787826538, 9.579691886901855, -57.332088470458984, 2.97314190864563, -0.7407401204109192, 1.62646484375, -0.45703125, -1.28564453125, 0, 
968, 1658494872, 0.6225183010101318, -0.07073954492807388, -0.05273062363266945, 0.7776159048080444, -0.5764966607093811, -1.5609979629516602, 9.363314628601074, -58.2020149230957, -6.663665771484375, -1.600279688835144, 1.62841796875, -0.45361328125, -1.28759765625, 0, 
969, 1658503205, 0.6222533583641052, -0.07249080389738083, -0.05661140754818916, 0.7773938179016113, -0.6122403740882874, -1.6022965908050537, 9.042497634887695, -56.60963439941406, -14.143763542175293, -2.332695960998535, 1.6279296875, -0.443359375, -1.29150390625, 0, 
970, 1658511538, 0.6220073699951172, -0.07380572706460953, -0.060538191348314285, 0.7771709561347961, -0.6932475566864014, -1.6429023742675781, 8.736538887023926, -53.35988235473633, -19.255455017089844, -2.9420340061187744, 1.62451171875, -0.43701171875, -1.2939453125, 0, 
971, 1658519871, 0.6217776536941528, -0.07475322484970093, -0.06435280293226242, 0.7769578099250793, -0.6725687980651855, -1.6994179487228394, 8.440897941589355, -48.98358917236328, -22.151325225830078, -3.2099075317382812, 1.62353515625, -0.4287109375, -1.30029296875, 0, 
972, 1658528204, 0.621577799320221, -0.07539039105176926, -0.06794225424528122, 0.7767503261566162, -0.6699650287628174, -1.821784496307373, 8.169784545898438, -43.890159606933594, -23.53415298461914, -3.5292649269104004, 1.62060546875, -0.427734375, -1.3046875, 0, 
973, 1658536537, 0.6213952302932739, -0.07561486959457397, -0.07135515660047531, 0.7765684127807617, -0.6425557732582092, -1.832364559173584, 8.018587112426758, -38.43413162231445, -26.429458618164062, -3.693528652191162, 1.6201171875, -0.42333984375, -1.3076171875, 0, 
974, 1658544870, 0.6212362051010132, -0.07535801082849503, -0.07461440563201904, 0.7764144539833069, -0.6297439336776733, -1.8973660469055176, 7.8107147216796875, -32.62736511230469, -30.267396926879883, -4.018829345703125, 1.61474609375, -0.41796875, -1.31005859375, 0, 
975, 1658553203, 0.6211274862289429, -0.07461707293987274, -0.07762128114700317, 0.7762781977653503, -0.5975626707077026, -1.9865686893463135, 7.655384063720703, -25.72772216796875, -33.242156982421875, -4.640205383300781, 1.61279296875, -0.41357421875, -1.31396484375, 0, 
976, 1658561536, 0.6211193203926086, -0.07344789803028107, -0.08024784177541733, 0.7761291265487671, -0.49720263481140137, -2.002206563949585, 7.466472625732422, -17.9197940826416, -34.446632385253906, -5.889744758605957, 1.60693359375, -0.41162109375, -1.31787109375, 0, 
977, 1658569869, 0.6212165951728821, -0.07187396287918091, -0.08232161402702332, 0.7759814858436584, -0.45569831132888794, -2.0509073734283447, 7.358176231384277, -8.454216957092285, -33.92744827270508, -6.890799522399902, 1.60595703125, -0.4072265625, -1.31982421875, 0, 
978, 1658578202, 0.6213897466659546, -0.06997143477201462, -0.0836436077952385, 0.775875449180603, -0.49071115255355835, -2.057197093963623, 7.253500938415527, 2.496659994125366, -30.970809936523438, -6.974685192108154, 1.60107421875, -0.40771484375, -1.32080078125, 0, 
979, 1658586535, 0.6216332912445068, -0.06791118532419205, -0.08391061425209045, 0.7758346199989319, -0.4491944909095764, -1.989969253540039, 7.177857875823975, 15.241825103759766, -23.616239547729492, -6.333354949951172, 1.59814453125, -0.41064453125, -1.32177734375, 0, 
980, 1658594868, 0.621993362903595, -0.06579352170228958, -0.0829361155629158, 0.7758331894874573, -0.4446870684623718, -1.9422658681869507, 7.163343906402588, 29.133926391601562, -13.520895957946777, -6.1492919921875, 1.59765625, -0.41259765625, -1.32568359375, 0, 
981, 1658603201, 0.6224799156188965, -0.06362086534500122, -0.08073548227548599, 0.7758564352989197, -0.4470076560974121, -1.8784254789352417, 7.088956356048584, 42.828853607177734, -3.495042562484741, -6.237921714782715, 1.59423828125, -0.416015625, -1.3212890625, 0, 
982, 1658611534, 0.623123049736023, -0.06138865649700165, -0.07741867750883102, 0.7758580446243286, -0.38928183913230896, -1.9625664949417114, 6.836103916168213, 55.36006546020508, 5.613900661468506, -7.185632228851318, 1.599609375, -0.41943359375, -1.31884765625, 0, 
983, 1658619867, 0.6238879561424255, -0.05893556773662567, -0.07325156778097153, 0.7758382558822632, -0.36520156264305115, -1.84369957447052, 6.634885311126709, 66.40418243408203, 10.693768501281738, -8.183345794677734, 1.59814453125, -0.4296875, -1.31884765625, 0, 
984, 1658628200, 0.6246855854988098, -0.056014612317085266, -0.06854907423257828, 0.7758423686027527, -0.3438122570514679, -1.4710267782211304, 6.301021099090576, 76.18196105957031, 10.306209564208984, -8.366523742675781, 1.595703125, -0.4384765625, -1.3125, 0, 
985, 1658636533, 0.6254627108573914, -0.05243035778403282, -0.06346866488456726, 0.7758990526199341, -0.3320033550262451, -1.2130753993988037, 5.977106094360352, 85.946533203125, 6.41898250579834, -8.030217170715332, 1.59814453125, -0.443359375, -1.30712890625, 0, 
986, 1658644866, 0.6261890530586243, -0.048027634620666504, -0.058006662875413895, 0.7760257720947266, -0.203195720911026, -1.0197409391403198, 5.60128927230835, 97.08060455322266, 0.8714418411254883, -7.32447624206543, 1.5947265625, -0.45556640625, -1.3037109375, 0, 
987, 1658653199, 0.6268975138664246, -0.04280923306941986, -0.051840346306562424, 0.7761955857276917, -0.10987139493227005, -0.7378724217414856, 5.456245422363281, 111.64566040039062, -1.8089741468429565, -6.947323322296143, 1.59912109375, -0.47021484375, -1.2978515625, 0, 
988, 1658661532, 0.6275808215141296, -0.03641683608293533, -0.0448128841817379, 0.7764071822166443, 0.06693214923143387, -0.4958565831184387, 5.886606216430664, 130.9714813232422, -6.961440086364746, -6.649274826049805, 1.591796875, -0.47900390625, -1.2919921875, 0, 
989, 1658669865, 0.6282546520233154, -0.028118113055825233, -0.03696364164352417, 0.7766205072402954, 0.3939937949180603, -0.24835267663002014, 6.556816577911377, 156.19723510742188, -20.227285385131836, -7.296757698059082, 1.5908203125, -0.49755859375, -1.28515625, 0, 
990, 1658678198, 0.6289560794830322, -0.017422925680875778, -0.02824021689593792, 0.7767324447631836, 0.5264784693717957, -0.40024006366729736, 7.334877014160156, 186.197509765625, -38.21837615966797, -9.345548629760742, 1.58837890625, -0.513671875, -1.275390625, 0, 
991, 1658686531, 0.6296858787536621, -0.0044724908657372, -0.00952155888080597, 0.7767786979675293, 2.0995845794677734, -4.405146598815918, 5.536837577819824, 312.4697570800781, 24.17513084411621, -8.70026969909668, 1.5810546875, -0.54296875, -1.26318359375, 0, 
992, 1658694864, 0.6294408440589905, -0.0029693651013076305, -0.00990148726850748, 0.7769798040390015, -2.2319610118865967, 5.150259494781494, 5.603505611419678, 9.2683744430542, -19.064170837402344, 3.3791980743408203, 1.57958984375, -0.56689453125, -1.2568359375, 0, 
993, 1658703197, 0.6297271251678467, -0.003858169075101614, -0.006784585304558277, 0.7767773866653442, -0.059064414352178574, -1.2338987588882446, 4.7001423835754395, 25.893949508666992, 36.850406646728516, -5.321341037750244, 1.58056640625, -0.5615234375, -1.25390625, 0, 
994, 1658711530, 0.6298944354057312, -0.004335036501288414, -0.0062045748345553875, 0.7766438722610474, -0.7101467847824097, 0.9275271892547607, 14.537567138671875, 2.3612613677978516, 10.464863777160645, -3.6282567977905273, 1.580078125, -0.56494140625, -1.25244140625, 0, 
995, 1658719863, 0.6297869086265564, -0.004057270474731922, -0.006870227865874767, 0.7767269611358643, -0.7640570402145386, 1.435031771659851, 9.827445983886719, -4.401678562164307, -8.418990135192871, 1.043844223022461, 1.58203125, -0.5615234375, -1.25146484375, 0, 
996, 1658728196, 0.6297188997268677, -0.004130800254642963, -0.006547005847096443, 0.7767845988273621, 0.2860107421875, -0.0879322737455368, 7.021272659301758, 3.10719895362854, 3.8231680393218994, 0.48970580101013184, 1.5810546875, -0.560546875, -1.24755859375, 0, 
997, 1658736529, 0.6298208832740784, -0.004179753363132477, -0.006271046120673418, 0.7767038345336914, -0.015044692903757095, -0.3852612376213074, 10.179143905639648, 2.8228039741516113, 3.25348162651062, -2.527510166168213, 1.58251953125, -0.56494140625, -1.25048828125, 0, 
998, 1658744862, 0.6297957897186279, -0.00422452250495553, -0.006445848848670721, 0.7767226696014404, -0.11158151179552078, 0.3221065402030945, 10.158018112182617, -1.9564409255981445, -0.7179669737815857, -0.3352903425693512, 1.5830078125, -0.56298828125, -1.2470703125, 0, 
999, 1658753195, 0.6298376321792603, -0.004219532012939453, -0.006315761711448431, 0.7766897678375244, -0.2247847020626068, -0.2412530928850174, 10.231925964355469, 1.731650471687317, 1.4065290689468384, -1.4848573207855225, 1.5849609375, -0.56396484375, -1.25048828125, 0, 
1000, 1658761528, 0.6298404335975647, -0.0041913543827831745, -0.006393723655492067, 0.7766869068145752, -0.3939211964607239, 0.11541150510311127, 9.658534049987793, -0.29497355222702026, -0.6953496336936951, -0.8243429660797119, 1.58251953125, -0.5654296875, -1.2490234375, 0, 
1001, 1658769861, 0.6298516392707825, -0.0041855983436107635, -0.006350867450237274, 0.776678204536438, -0.23298214375972748, -0.05246590077877045, 9.4124116897583, 0.8077064156532288, 0.6381145715713501, -0.9513126015663147, 1.58349609375, -0.56591796875, -1.25244140625, 0, 
1002, 1658778194, 0.629852831363678, -0.004220645874738693, -0.0063339341431856155, 0.7766772508621216, -0.2054797261953354, -0.14362908899784088, 9.845830917358398, 0.16437934339046478, 0.7583990693092346, -0.7774688601493835, 1.583984375, -0.56494140625, -1.25146484375, 0, 
1003, 1658786527, 0.6298536062240601, -0.004212547093629837, -0.006363238207995892, 0.7766764760017395, -0.25603601336479187, -0.1181005910038948, 10.55102252960205, 0.05749114975333214, -0.012807115912437439, -0.777904212474823, 1.58203125, -0.56201171875, -1.2509765625, 0, 
1004, 1658794860, 0.629854142665863, -0.004193060100078583, -0.006326915696263313, 0.7766764760017395, -0.1709095984697342, -0.2926226556301117, 9.459721565246582, 0.8457435965538025, 0.3526695966720581, -0.7674024701118469, 1.58349609375, -0.56201171875, -1.2529296875, 0, 
1005, 1658803193, 0.6298528909683228, -0.0042009311728179455, -0.006359736900776625, 0.7766771912574768, -0.19143153727054596, -0.05896088480949402, 9.60268497467041, -0.11910620331764221, 0.12749484181404114, -0.7410198450088501, 1.58056640625, -0.5625, -1.2509765625, 0, 
1006, 1658811526, 0.6298577189445496, -0.004224051255732775, -0.006295045372098684, 0.776673436164856, -0.24195921421051025, -0.18786226212978363, 9.783344268798828, 0.7796844840049744, 1.0572147369384766, -0.8397114276885986, 1.5859375, -0.5654296875, -1.24951171875, 0, 
1007, 1658819859, 0.629854142665863, -0.004250656813383102, -0.0063239880837500095, 0.7766759991645813, -0.2549058496952057, -0.05255908891558647, 10.234601974487305, -0.240261510014534, 0.3600209057331085, -0.6978598833084106, 1.583984375, -0.56494140625, -1.2509765625, 0, 
1008, 1658828192, 0.6298593878746033, -0.004269066732376814, -0.0062850723043084145, 0.7766720056533813, -0.18167506158351898, -0.21986408531665802, 9.846467971801758, 0.5440078973770142, 0.7662113904953003, -0.8478823304176331, 1.580078125, -0.56591796875, -1.25146484375, 0, 
1009, 1658836525, 0.6298786997795105, -0.004285401199012995, -0.0062988498248159885, 0.7766561508178711, 0.015865005552768707, 0.0003147250972688198, 9.800646781921387, 0.010463413782417774, 0.3852764964103699, -1.1037174463272095, 1.5830078125, -0.5634765625, -1.25048828125, 0, 
1010, 1658844858, 0.6299034953117371, -0.004288187250494957, -0.0062878066673874855, 0.7766361236572266, -0.47372564673423767, -0.31885942816734314, 9.626546859741211, 0.3847898542881012, 0.3856351375579834, -1.1970813274383545, 1.58056640625, -0.56298828125, -1.25, 0, 
1011, 1658853191, 0.629897952079773, -0.004277344793081284, -0.0062975771725177765, 0.7766405940055847, -0.15968722105026245, -0.14364339411258698, 9.774195671081543, 0.2893511950969696, 0.12554818391799927, -0.6639209985733032, 1.58447265625, -0.5634765625, -1.25439453125, 0, 
1012, 1658861524, 0.6299022436141968, -0.004271616693586111, -0.006287232041358948, 0.7766371965408325, -0.20947815477848053, -0.17621028423309326, 10.009674072265625, 0.44544434547424316, 0.2551305592060089, -0.8348448276519775, 1.58203125, -0.560546875, -1.24951171875, 0, 
1013, 1658869857, 0.6299051642417908, -0.004225048236548901, -0.006307829171419144, 0.776634931564331, -0.21370521187782288, -0.17465117573738098, 10.073670387268066, 0.4844035804271698, -0.3474315106868744, -0.8152498602867126, 1.583984375, -0.5634765625, -1.2509765625, 0, 
1014, 1658878190, 0.6299024820327759, -0.004202323965728283, -0.006306963507086039, 0.7766371965408325, -0.24001364409923553, -0.14838573336601257, 9.740591049194336, 0.4921647012233734, -0.01032253634184599, -0.7153286933898926, 1.58251953125, -0.5634765625, -1.24951171875, 0, 
1015, 1658886523, 0.6298953890800476, -0.004155570641160011, -0.006323851644992828, 0.7766430377960205, -0.21170984208583832, -0.058481644839048386, 9.803765296936035, 0.5232860445976257, -0.3209976255893707, -0.6383836269378662, 1.58251953125, -0.5634765625, -1.25048828125, 0, 
1016, 1658894856, 0.6298352479934692, -0.0036463094875216484, -0.006563806440681219, 0.7766923904418945, -0.7510212063789368, 0.37707751989364624, 10.367249488830566, 2.136573076248169, -7.297317028045654, 0.25182634592056274, 1.58447265625, -0.5625, -1.2490234375, 0, 
1017, 1658903189, 0.6295197606086731, -0.002369909081608057, -0.007406281773000956, 0.7769454717636108, -1.4264686107635498, 1.230377435684204, 9.953628540039062, 2.363797903060913, -20.642902374267578, 4.644439220428467, 1.58154296875, -0.56494140625, -1.2509765625, 0, 
1018, 1658911522, 0.6286147832870483, -0.0025471665430814028, -0.007260610815137625, 0.7776786684989929, -2.445249557495117, 1.9286264181137085, 9.747255325317383, 0.3586634397506714, 3.3048391342163086, 15.277935028076172, 1.57958984375, -0.5654296875, -1.25390625, 0, 
1019, 1658919855, 0.6269925832748413, -0.002652052789926529, -0.00727981748059392, 0.7789868116378784, -2.314486026763916, 2.1983695030212402, 9.760907173156738, -0.7378442287445068, 1.0757603645324707, 27.907100677490234, 1.57470703125, -0.56201171875, -1.25048828125, 0, 
1020, 1658928188, 0.6256932616233826, -0.002686849795281887, -0.007259850390255451, 0.7800308465957642, 2.237628936767578, -2.4964725971221924, 9.508943557739258, 0.2615855038166046, 0.6528943181037903, 22.164812088012695, 1.57763671875, -0.5654296875, -1.2509765625, 0, 
1021, 1658936521, 0.6252966523170471, -0.002678271383047104, -0.007270967122167349, 0.7803487777709961, 1.8963623046875, -2.1015892028808594, 9.723278999328613, 0.2706016004085541, 0.0889454260468483, 6.230317115783691, 1.5751953125, -0.5654296875, -1.2490234375, 0, 
1022, 1658944854, 0.6252614259719849, -0.0026542209088802338, -0.007280438207089901, 0.7803770303726196, 1.2610962390899658, -1.7831608057022095, 9.763845443725586, 0.39257654547691345, -0.10417309403419495, -0.14359338581562042, 1.57470703125, -0.5693359375, -1.251953125, 0, 
1023, 1658953187, 0.6252816915512085, -0.002679551253095269, -0.0072691780515015125, 0.7803608179092407, 0.09717860817909241, -0.47777387499809265, 9.983294486999512, 0.20072594285011292, 0.6987178921699524, -1.1146032810211182, 1.57470703125, -0.5673828125, -1.25146484375, 0, 
1024, 1658961520, 0.6252821087837219, -0.002653583651408553, -0.007294435519725084, 0.780360221862793, -0.1365334689617157, -0.20093050599098206, 9.708346366882324, 0.2421441674232483, -0.23580463230609894, -0.7739340662956238, 1.57421875, -0.56640625, -1.2529296875, 0, 
1025, 1658969853, 0.6252842545509338, -0.0026380184572190046, -0.0072850571013987064, 0.780358612537384, -0.22924146056175232, -0.07582728564739227, 9.933746337890625, 0.5350685715675354, 0.24114519357681274, -0.7976016402244568, 1.57568359375, -0.56640625, -1.25439453125, 0, 
1026, 1658978186, 0.6252792477607727, -0.0026551734190434217, -0.007268599700182676, 0.7803627848625183, -0.1845075786113739, -0.1564970463514328, 9.823278427124023, 0.31253209710121155, 0.5417795777320862, -0.6708369255065918, 1.57470703125, -0.56689453125, -1.25048828125, 0, 
1027, 1658986519, 0.6252813339233398, -0.0026561592239886522, -0.007260411512106657, 0.7803612351417542, -0.182805597782135, -0.15441599488258362, 9.86178207397461, 0.37982067465782166, 0.4089696705341339, -0.7951939702033997, 1.5751953125, -0.5673828125, -1.2548828125, 0, 
1028, 1658994852, 0.6252878904342651, -0.0026650135405361652, -0.007255249191075563, 0.7803559303283691, -0.1632205843925476, -0.15495900809764862, 9.735963821411133, 0.26396748423576355, 0.3622749447822571, -0.8753665685653687, 1.57763671875, -0.5654296875, -1.251953125, 0, 
1029, 1659003185, 0.6252871155738831, -0.002673906506970525, -0.00726332189515233, 0.7803564071655273, -0.1873973309993744, -0.13628311455249786, 9.771492004394531, 0.1362549066543579, 0.35323309898376465, -0.7482686042785645, 1.5732421875, -0.5634765625, -1.25244140625, 0, 
1030, 1659011518, 0.6252873539924622, -0.0027002347633242607, -0.0072594983503222466, 0.7803561687469482, -0.18270502984523773, -0.11166990548372269, 9.79858684539795, 0.09890935570001602, 0.5304067134857178, -0.7626125812530518, 1.578125, -0.56396484375, -1.2548828125, 0, 
1031, 1659019851, 0.6252871751785278, -0.0027147766668349504, -0.007260359823703766, 0.7803562879562378, -0.2124464362859726, -0.14928649365901947, 9.946986198425293, 0.16571128368377686, 0.4767961800098419, -0.7561066746711731, 1.5771484375, -0.564453125, -1.25341796875, 0, 
1032, 1659028184, 0.6252904534339905, -0.0027224612422287464, -0.007253603544086218, 0.7803537249565125, -0.19372759759426117, -0.16405761241912842, 10.05783462524414, 0.2900684177875519, 0.3576900064945221, -0.8155573010444641, 1.57470703125, -0.56298828125, -1.25537109375, 0, 
1033, 1659036517, 0.625287652015686, -0.0027032841462641954, -0.007246754132211208, 0.7803560495376587, -0.17136065661907196, -0.1691790372133255, 10.01647663116455, 0.5390387773513794, 0.18015772104263306, -0.7109487056732178, 1.57763671875, -0.56494140625, -1.25439453125, 0, 
1034, 1659044850, 0.62529057264328, -0.002691712463274598, -0.007243906147778034, 0.7803536653518677, -0.17743341624736786, -0.1642078161239624, 9.756027221679688, 0.4186774492263794, 0.14747393131256104, -0.8144301176071167, 1.57373046875, -0.5634765625, -1.25244140625, 0, 
1035, 1659053183, 0.6252900958061218, -0.002678564051166177, -0.007240314967930317, 0.7803540229797363, -0.19340616464614868, -0.12895165383815765, 9.778594017028809, 0.4515404999256134, 0.2161969393491745, -0.7538525462150574, 1.5771484375, -0.56494140625, -1.2529296875, 0, 
1036, 1659061516, 0.6252883672714233, -0.002678035059943795, -0.007224933244287968, 0.78035569190979, -0.17320631444454193, -0.1305181086063385, 9.804909706115723, 0.4547935426235199, 0.34882745146751404, -0.7274954319000244, 1.57568359375, -0.56396484375, -1.25390625, 0, 
1037, 1659069849, 0.6252856254577637, -0.002673133509233594, -0.007228722330182791, 0.780357837677002, -0.19452156126499176, -0.12238514423370361, 9.897567749023438, 0.30141547322273254, 0.24147818982601166, -0.7133307456970215, 1.57568359375, -0.56494140625, -1.2548828125, 0, 
1038, 1659078182, 0.6252793669700623, -0.0026663977187126875, -0.007202555891126394, 0.7803632020950317, -0.1958734542131424, -0.12266410142183304, 9.945191383361816, 0.6232327222824097, 0.3668086528778076, -0.6463239192962646, 1.57568359375, -0.56494140625, -1.251953125, 0, 
1039, 1659086515, 0.6252756118774414, -0.002638686913996935, -0.007212318480014801, 0.7803661823272705, -0.18733257055282593, -0.13202010095119476, 9.97502613067627, 0.43268847465515137, -0.0539948046207428, -0.6977317333221436, 1.5771484375, -0.5625, -1.25341796875, 0, 
1040, 1659094848, 0.6252779960632324, -0.0026260856539011, -0.007196071092039347, 0.7803645730018616, -0.21319763362407684, -0.20470720529556274, 9.787213325500488, 0.5692636370658875, 0.2317960262298584, -0.8019817471504211, 1.57470703125, -0.5654296875, -1.25, 0, 
1041, 1659103181, 0.6252749562263489, -0.0026079548988491297, -0.007197518367320299, 0.7803670763969421, -0.1974971443414688, -0.1540793925523758, 9.828692436218262, 0.44009098410606384, 0.11983618885278702, -0.7082335948944092, 1.57421875, -0.564453125, -1.25341796875, 0, 
1042, 1659111514, 0.6252794861793518, -0.0025989608839154243, -0.007197211962193251, 0.7803633213043213, -0.1958092898130417, -0.18537314236164093, 9.814831733703613, 0.3653486371040344, 0.12634220719337463, -0.8429388403892517, 1.57470703125, -0.56396484375, -1.2529296875, 0, 
1043, 1659119847, 0.6252760887145996, -0.002589378273114562, -0.007204909808933735, 0.780366063117981, -0.15457293391227722, -0.12058262526988983, 9.83656120300293, 0.3004421889781952, 0.15900036692619324, -0.7007797956466675, 1.576171875, -0.5625, -1.25537109375, 0, 
1044, 1659128180, 0.6252784132957458, -0.002595397876575589, -0.007202398031949997, 0.7803641557693481, -0.13923750817775726, -0.12860126793384552, 9.815237998962402, 0.2582298815250397, 0.29982736706733704, -0.8021864891052246, 1.57421875, -0.564453125, -1.251953125, 0, 
1045, 1659136513, 0.6252785325050354, -0.0025916434824466705, -0.007204180117696524, 0.7803640365600586, -0.15099620819091797, -0.12244924902915955, 9.84224796295166, 0.31355664134025574, 0.2718310058116913, -0.7614855766296387, 1.57666015625, -0.5654296875, -1.251953125, 0, 
1046, 1659144846, 0.6252795457839966, -0.002587377093732357, -0.007197974249720573, 0.7803633213043213, -0.2079760581254959, -0.14738433063030243, 9.855802536010742, 0.3885551691055298, 0.22211386263370514, -0.7796204686164856, 1.578125, -0.56396484375, -1.25146484375, 0, 
1047, 1659153179, 0.6252747178077698, -0.002579664345830679, -0.007191164419054985, 0.7803672552108765, -0.2015881985425949, -0.1419336050748825, 9.844901084899902, 0.4392200708389282, 0.3033621907234192, -0.6744228005409241, 1.5771484375, -0.5654296875, -1.25244140625, 0, 
1048, 1659161512, 0.6252769827842712, -0.0025795414112508297, -0.007177695631980896, 0.7803655862808228, -0.17455798387527466, -0.14648306369781494, 9.844021797180176, 0.4296915829181671, 0.3303596079349518, -0.7986774444580078, 1.57373046875, -0.56396484375, -1.2509765625, 0, 
1049, 1659169845, 0.6252753138542175, -0.0025723997969180346, -0.007171223405748606, 0.7803669571876526, -0.18111713230609894, -0.1589433252811432, 9.829480171203613, 0.42974281311035156, 0.30646148324012756, -0.7306716442108154, 1.5771484375, -0.5634765625, -1.251953125, 0, 
1050, 1659178178, 0.6252757906913757, -0.002578337211161852, -0.0071659814566373825, 0.7803666591644287, -0.16924341022968292, -0.1601378470659256, 9.804237365722656, 0.2914515733718872, 0.3236742615699768, -0.76911860704422, 1.57568359375, -0.56298828125, -1.25146484375, 0, 
1051, 1659186511, 0.6252736449241638, -0.002582617336884141, -0.007173105608671904, 0.7803683280944824, -0.18486522138118744, -0.14686216413974762, 9.845616340637207, 0.18661251664161682, 0.3110977113246918, -0.7209383249282837, 1.572265625, -0.5634765625, -1.251953125, 0, 
1052, 1659194844, 0.625275194644928, -0.002582166576758027, -0.00716156093403697, 0.7803671956062317, -0.18261922895908356, -0.10991058498620987, 9.859485626220703, 0.4120946526527405, 0.30876678228378296, -0.7870485782623291, 1.57470703125, -0.5634765625, -1.2548828125, 0, 
1053, 1659203177, 0.625272810459137, -0.0025870949029922485, -0.007170976139605045, 0.7803690433502197, -0.15456578135490417, -0.13803556561470032, 9.879342079162598, 0.15651576220989227, 0.29952001571655273, -0.717864453792572, 1.57373046875, -0.560546875, -1.25146484375, 0, 
1054, 1659211510, 0.6252762675285339, -0.0025889724493026733, -0.007159674074500799, 0.7803664207458496, -0.18005113303661346, -0.13276372849941254, 9.860143661499023, 0.38837581872940063, 0.3337150514125824, -0.8207055926322937, 1.576171875, -0.5625, -1.25146484375, 0, 
1055, 1659219843, 0.6252707242965698, -0.0025911126285791397, -0.007161330431699753, 0.780370831489563, -0.192568838596344, -0.1368696540594101, 9.858055114746094, 0.2639162838459015, 0.3352775275707245, -0.6624609231948853, 1.57568359375, -0.56005859375, -1.2529296875, 0, 
1056, 1659228176, 0.6252716779708862, -0.0025937212631106377, -0.007153965998440981, 0.7803699970245361, -0.1824192851781845, -0.1387726217508316, 9.82911491394043, 0.34278252720832825, 0.3078702688217163, -0.7748306393623352, 1.57666015625, -0.5625, -1.251953125, 0, 
1057, 1659236509, 0.6252771615982056, -0.0025954495649784803, -0.007151862606406212, 0.7803655862808228, -0.19015102088451385, -0.12733471393585205, 9.872604370117188, 0.3061797618865967, 0.3653486371040344, -0.8569498062133789, 1.58056640625, -0.5625, -1.25, 0, 
1058, 1659244842, 0.6252755522727966, -0.0026007096748799086, -0.007146134506911039, 0.7803669571876526, -0.17140357196331024, -0.1437864452600479, 9.855265617370605, 0.3011850118637085, 0.3203444480895996, -0.7310303449630737, 1.57568359375, -0.5615234375, -1.251953125, 0, 
1059, 1659253175, 0.625273585319519, -0.0025998535566031933, -0.00714475242421031, 0.7803685665130615, -0.17989400029182434, -0.1428065150976181, 9.871495246887207, 0.32321321964263916, 0.32946309447288513, -0.7259073853492737, 1.57958984375, -0.56298828125, -1.2529296875, 0, 
1060, 1659261508, 0.6252774000167847, -0.0026067649014294147, -0.0071351854130625725, 0.7803654670715332, -0.18096692860126495, -0.1528419554233551, 9.84057331085205, 0.3280031085014343, 0.3731097877025604, -0.8287230134010315, 1.576171875, -0.56201171875, -1.2509765625, 0, 
1061, 1659269841, 0.6252795457839966, -0.00261334958486259, -0.00713544525206089, 0.7803637385368347, -0.18093855679035187, -0.1297529935836792, 9.840044021606445, 0.23917289078235626, 0.39670050144195557, -0.7956805229187012, 1.57568359375, -0.56396484375, -1.25244140625, 0, 
1062, 1659278174, 0.6252807378768921, -0.0026180888526141644, -0.007128281053155661, 0.7803629040718079, -0.1577201932668686, -0.15357868373394012, 9.857840538024902, 0.32257285714149475, 0.3270041346549988, -0.7803633809089661, 1.576171875, -0.5634765625, -1.25048828125, 0, 
1063, 1659286507, 0.6252831816673279, -0.002611973788589239, -0.007125448435544968, 0.780360996723175, -0.18718990683555603, -0.15922944247722626, 9.871752738952637, 0.3817673921585083, 0.28712278604507446, -0.8021098375320435, 1.57763671875, -0.5615234375, -1.2509765625, 0, 
1064, 1659294840, 0.6252849698066711, -0.0026161435525864363, -0.0071206665597856045, 0.7803596258163452, -0.17359234392642975, -0.16146112978458405, 9.86309814453125, 0.3010568916797638, 0.2996737062931061, -0.7918384075164795, 1.576171875, -0.56103515625, -1.25146484375, 0, 
1065, 1659303173, 0.6252866983413696, -0.0026271159294992685, -0.007130939979106188, 0.780358076095581, -0.18455058336257935, -0.1467624008655548, 9.855079650878906, 0.09496477991342545, 0.3575619161128998, -0.7922227382659912, 1.572265625, -0.564453125, -1.25146484375, 0, 
1066, 1659311506, 0.6252892017364502, -0.0026293934788554907, -0.007122420240193605, 0.780356228351593, -0.18108117580413818, -0.14615386724472046, 9.842362403869629, 0.35733139514923096, 0.31409457325935364, -0.8028014302253723, 1.5771484375, -0.56103515625, -1.25048828125, 0, 
1067, 1659319839, 0.6252886652946472, -0.0026333534624427557, -0.00712561933323741, 0.7803565859794617, -0.1712459921836853, -0.14288485050201416, 9.85727596282959, 0.2313605695962906, 0.3420140743255615, -0.7489089369773865, 1.5771484375, -0.56396484375, -1.24853515625, 0, 
1068, 1659328172, 0.6252887845039368, -0.0026386536192148924, -0.0071184770204126835, 0.7803565859794617, -0.16297006607055664, -0.13126149773597717, 9.855430603027344, 0.3151063024997711, 0.33303627371788025, -0.7624204754829407, 1.57763671875, -0.5625, -1.2529296875, 0, 
1069, 1659336505, 0.6252880096435547, -0.0026366296224296093, -0.0071191038005054, 0.7803572416305542, -0.18532301485538483, -0.12470266222953796, 9.849106788635254, 0.3119429647922516, 0.29987862706184387, -0.7471672296524048, 1.578125, -0.5615234375, -1.24853515625, 0, 
1070, 1659344838, 0.6252870559692383, -0.002638164907693863, -0.0071112001314759254, 0.780358076095581, -0.16086028516292572, -0.12326494604349136, 9.822355270385742, 0.3564348518848419, 0.29998111724853516, -0.7432481646537781, 1.57470703125, -0.5615234375, -1.25244140625, 0, 
1071, 1659353171, 0.6252883672714233, -0.002629163209348917, -0.007109366357326508, 0.7803570628166199, -0.15948693454265594, -0.14066065847873688, 9.837519645690918, 0.39606010913848877, 0.24606311321258545, -0.7848457098007202, 1.57958984375, -0.5634765625, -1.25146484375, 0, 
1072, 1659361504, 0.6252900958061218, -0.0026349041145294905, -0.007102370262145996, 0.7803555727005005, -0.16648925840854645, -0.1757521629333496, 9.827190399169922, 0.3102523982524872, 0.3353799879550934, -0.7905833721160889, 1.57958984375, -0.5634765625, -1.25439453125, 0, 
1073, 1659369837, 0.625292956829071, -0.002641360042616725, -0.00710346270352602, 0.7803532481193542, -0.1651090681552887, -0.16254836320877075, 9.861760139465332, 0.23371709883213043, 0.3876330554485321, -0.8089232444763184, 1.5771484375, -0.5625, -1.2451171875, 0, 
1074, 1659378170, 0.6252945065498352, -0.002658259589225054, -0.007107100915163755, 0.780351996421814, -0.1816035360097885, -0.15829241275787354, 9.862983703613281, 0.09924235939979553, 0.36299216747283936, -0.7874072790145874, 1.578125, -0.5634765625, -1.25, 0, 
1075, 1659386503, 0.6252913475036621, -0.002656121738255024, -0.007107716053724289, 0.7803545594215393, -0.17462950944900513, -0.13998828828334808, 9.849936485290527, 0.3132748603820801, 0.29736846685409546, -0.704237699508667, 1.57666015625, -0.5615234375, -1.24951171875, 0, 
1076, 1659394836, 0.6252931952476501, -0.002661576494574547, -0.0071011753752827644, 0.7803531289100647, -0.19266897439956665, -0.13611145317554474, 9.847461700439453, 0.307562917470932, 0.33012905716896057, -0.7922227382659912, 1.57470703125, -0.56103515625, -1.2509765625, 0, 
1077, 1659403169, 0.6252952814102173, -0.002660447498783469, -0.0071055772714316845, 0.780351459980011, -0.17923593521118164, -0.14749877154827118, 9.850022315979004, 0.26240500807762146, 0.2771844267845154, -0.7954500317573547, 1.57275390625, -0.56396484375, -1.25146484375, 0, 
1078, 1659411502, 0.6252889633178711, -0.0026650375220924616, -0.007104993332177401, 0.7803564071655273, -0.1780555248260498, -0.1542365401983261, 9.852082252502441, 0.25308147072792053, 0.2682963013648987, -0.6502941250801086, 1.5791015625, -0.5576171875, -1.24853515625, 0, 
1079, 1659419835, 0.6252861022949219, -0.0026632994413375854, -0.007105852011591196, 0.7803586721420288, -0.16848520934581757, -0.13402996957302094, 9.873884201049805, 0.3048222064971924, 0.29967373609542847, -0.7093862891197205, 1.57568359375, -0.5595703125, -1.25048828125, 0, 
1080, 1659428168, 0.6252878308296204, -0.002664536703377962, -0.0071047525852918625, 0.7803573608398438, -0.16954383254051208, -0.12102610617876053, 9.860723495483398, 0.2866361141204834, 0.23707255721092224, -0.7895845770835876, 1.5771484375, -0.56201171875, -1.24853515625, 0, 
1081, 1659436501, 0.6252872943878174, -0.0026666675694286823, -0.007107392884790897, 0.7803577780723572, -0.17282699048519135, -0.14641153812408447, 9.839285850524902, 0.25277408957481384, 0.3278749883174896, -0.7501384615898132, 1.57763671875, -0.5576171875, -1.24853515625, 0, 
1082, 1659444834, 0.6252854466438293, -0.0026805938687175512, -0.007105794735252857, 0.7803592085838318, -0.17984408140182495, -0.1525561809539795, 9.85938549041748, 0.18410234153270721, 0.3782326281070709, -0.7287506461143494, 1.576171875, -0.56103515625, -1.2509765625, 0, 
1083, 1659453167, 0.6252928972244263, -0.002672035712748766, -0.007100378163158894, 0.780353307723999, -0.17472964525222778, -0.14509542286396027, 9.868556022644043, 0.4314333498477936, 0.28322941064834595, -0.8921181559562683, 1.580078125, -0.5595703125, -1.24755859375, 0, 
1084, 1659461500, 0.6252902746200562, -0.002678106538951397, -0.007091526873409748, 0.7803555130958557, -0.16221246123313904, -0.14965926110744476, 9.850759506225586, 0.32687604427337646, 0.3532843291759491, -0.7115122079849243, 1.57861328125, -0.5634765625, -1.2509765625, 0, 
1085, 1659469833, 0.6252943873405457, -0.0026794455479830503, -0.007085108198225498, 0.7803522944450378, -0.16445797681808472, -0.13136175274848938, 9.83376407623291, 0.3582278788089752, 0.398006796836853, -0.8304646611213684, 1.5771484375, -0.55908203125, -1.24853515625, 0, 
1086, 1659478166, 0.6252973079681396, -0.0026803682558238506, -0.007083146367222071, 0.7803497910499573, -0.17608122527599335, -0.12389414012432098, 9.836904525756836, 0.29811128973960876, 0.2413245141506195, -0.8142509460449219, 1.57763671875, -0.55859375, -1.25048828125, 0, 
1087, 1659486499, 0.6252979040145874, -0.0026785677764564753, -0.00707947788760066, 0.7803493142127991, -0.1875690072774887, -0.13470949232578278, 9.858813285827637, 0.3541039824485779, 0.33901718258857727, -0.7702968716621399, 1.576171875, -0.5625, -1.24951171875, 0, 
1088, 1659494832, 0.6252968907356262, -0.0026856958866119385, -0.007082427851855755, 0.7803501486778259, -0.18600985407829285, -0.14315009117126465, 9.859113693237305, 0.1922220140695572, 0.26345521211624146, -0.7402514219284058, 1.57666015625, -0.5595703125, -1.24853515625, 0, 
1089, 1659503165, 0.6252938508987427, -0.0026773286517709494, -0.00708033749833703, 0.7803525924682617, -0.17894303798675537, -0.1414906233549118, 9.850144386291504, 0.39580395817756653, 0.2538498640060425, -0.7074139714241028, 1.57568359375, -0.560546875, -1.25, 0, 
1090, 1659511498, 0.6252936124801636, -0.002684239996597171, -0.007082998752593994, 0.780352771282196, -0.18411417305469513, -0.14258477091789246, 9.833535194396973, 0.19719119369983673, 0.26542750000953674, -0.7550563812255859, 1.578125, -0.560546875, -1.24853515625, 0, 
1091, 1659519831, 0.6252902746200562, -0.002683973638340831, -0.0070853023789823055, 0.7803554534912109, -0.1887778341770172, -0.1487719863653183, 9.839056968688965, 0.2777223587036133, 0.3049758970737457, -0.7016507983207703, 1.57763671875, -0.55810546875, -1.24853515625, 0, 
1092, 1659528164, 0.6252884864807129, -0.002686319872736931, -0.007075096946209669, 0.7803568840026855, -0.1819751262664795, -0.16362813115119934, 9.839672088623047, 0.3749796450138092, 0.32385361194610596, -0.728571355342865, 1.5751953125, -0.55908203125, -1.2490234375, 0, 
1093, 1659536497, 0.6252835988998413, -0.002677982673048973, -0.00707235699519515, 0.7803608179092407, -0.1702662706375122, -0.11871573328971863, 9.848091125488281, 0.40105485916137695, 0.2616110146045685, -0.6744995713233948, 1.578125, -0.55810546875, -1.24951171875, 0, 
1094, 1659544830, 0.6252872943878174, -0.0026843207888305187, -0.007068649400025606, 0.7803578972816467, -0.1688714623451233, -0.14839288592338562, 9.830595970153809, 0.2704734802246094, 0.3122502863407135, -0.8256235718727112, 1.576171875, -0.55810546875, -1.2490234375, 0, 
1095, 1659553163, 0.6252834796905518, -0.0026862097438424826, -0.007071719970554113, 0.780360996723175, -0.1605527102947235, -0.13051792979240417, 9.845094680786133, 0.2511347532272339, 0.32026758790016174, -0.6924296617507935, 1.57763671875, -0.55859375, -1.248046875, 0, 
1096, 1659561496, 0.6252842545509338, -0.0026883736718446016, -0.007069550920277834, 0.7803602814674377, -0.1720762401819229, -0.13998854160308838, 9.852311134338379, 0.2897354066371918, 0.25246667861938477, -0.77500981092453, 1.578125, -0.55517578125, -1.2470703125, 0, 
1097, 1659569829, 0.6252840161323547, -0.00268808682449162, -0.00706672016531229, 0.7803604602813721, -0.18756185472011566, -0.16372142732143402, 9.852447509765625, 0.33302345871925354, 0.3483920097351074, -0.755978524684906, 1.5810546875, -0.55908203125, -1.25, 0, 
1098, 1659578162, 0.6252886652946472, -0.0027011651545763016, -0.007073328830301762, 0.7803568840026855, -0.1988418847322464, -0.13061806559562683, 9.834765434265137, 0.10259781777858734, 0.296267032623291, -0.8427595496177673, 1.57568359375, -0.5595703125, -1.24951171875, 0, 
1099, 1659586495, 0.6252852082252502, -0.002708717714995146, -0.007078556343913078, 0.7803596258163452, -0.17444352805614471, -0.15199075639247894, 9.865429878234863, 0.17867209017276764, 0.3631457984447479, -0.6974499225616455, 1.578125, -0.560546875, -1.25, 0, 
1100, 1659594828, 0.6252897381782532, -0.0027192963752895594, -0.007074291817843914, 0.7803558111190796, -0.1886845827102661, -0.1540074646472931, 9.83571720123291, 0.24022309482097626, 0.36306896805763245, -0.8417093753814697, 1.578125, -0.5595703125, -1.25048828125, 0, 
1101, 1659603161, 0.6252957582473755, -0.002719294745475054, -0.007085113320499659, 0.7803508639335632, -0.1747155487537384, -0.14581096172332764, 9.859800338745117, 0.18264229595661163, 0.23405006527900696, -0.8671186566352844, 1.57421875, -0.5546875, -1.24951171875, 0, 
1102, 1659611494, 0.6252983808517456, -0.002724788850173354, -0.007078785914927721, 0.7803487777709961, -0.1669047623872757, -0.1308472901582718, 9.850522994995117, 0.30656394362449646, 0.32654306292533875, -0.8072069883346558, 1.57861328125, -0.56005859375, -1.25048828125, 0, 
1103, 1659619827, 0.6252959370613098, -0.002722397679463029, -0.007082734722644091, 0.7803506851196289, -0.1668543666601181, -0.12462398409843445, 9.852225303649902, 0.2790030241012573, 0.26701557636260986, -0.7176340222358704, 1.57470703125, -0.5576171875, -1.2509765625, 0, 
1104, 1659628160, 0.6252948641777039, -0.0027310352306813, -0.007076933514326811, 0.7803516983985901, -0.17763370275497437, -0.12840068340301514, 9.85565185546875, 0.2725995182991028, 0.35502609610557556, -0.7388426065444946, 1.57763671875, -0.556640625, -1.2470703125, 0, 
1105, 1659636493, 0.6252962350845337, -0.0027291050646454096, -0.007081145886331797, 0.7803506255149841, -0.17372824251651764, -0.14608965814113617, 9.847097396850586, 0.27139562368392944, 0.2700636684894562, -0.783821165561676, 1.57861328125, -0.55810546875, -1.25244140625, 0, 
1106, 1659644826, 0.6252930760383606, -0.00273285829462111, -0.007072032429277897, 0.7803531885147095, -0.19161750376224518, -0.1606743186712265, 9.857897758483887, 0.3524646461009979, 0.33000102639198303, -0.7026240825653076, 1.57373046875, -0.56298828125, -1.2490234375, 0, 
1107, 1659653159, 0.6252936124801636, -0.002734400099143386, -0.007079025264829397, 0.7803527116775513, -0.17509444057941437, -0.1615898758172989, 9.867661476135254, 0.21174009144306183, 0.2849711775779724, -0.7700664401054382, 1.57763671875, -0.55908203125, -1.2509765625, 0, 
1108, 1659661492, 0.6252944469451904, -0.0027349370066076517, -0.007069185376167297, 0.7803520560264587, -0.1700373888015747, -0.13134765625, 9.826740264892578, 0.3864803910255432, 0.30151796340942383, -0.7743439674377441, 1.578125, -0.56005859375, -1.25048828125, 0, 
1109, 1659669825, 0.6252923011779785, -0.0027302331291139126, -0.0070739625953137875, 0.7803537249565125, -0.18213973939418793, -0.1463540941476822, 9.835917472839355, 0.2893255650997162, 0.23504897952079773, -0.723653256893158, 1.57666015625, -0.55615234375, -1.251953125, 0, 
1110, 1659678158, 0.6252897381782532, -0.0027266538236290216, -0.0070612626150250435, 0.7803559303283691, -0.1663322150707245, -0.13465942442417145, 9.837991714477539, 0.45220649242401123, 0.28184622526168823, -0.7153031229972839, 1.576171875, -0.55712890625, -1.2490234375, 0, 
1111, 1659686491, 0.6252927780151367, -0.0027291637379676104, -0.007066355086863041, 0.7803534269332886, -0.19203238189220428, -0.1548590511083603, 9.839529037475586, 0.22431667149066925, 0.31045737862586975, -0.8132264018058777, 1.57861328125, -0.55712890625, -1.2490234375, 0, 
1112, 1659694824, 0.625298023223877, -0.002732237335294485, -0.007059213239699602, 0.7803493142127991, -0.17850634455680847, -0.15865720808506012, 9.845602035522461, 0.3359434902667999, 0.30615413188934326, -0.8511098027229309, 1.57568359375, -0.55810546875, -1.248046875, 0, 
1113, 1659703157, 0.6253000497817993, -0.002729190746322274, -0.007059746887534857, 0.7803477048873901, -0.17211885750293732, -0.12748512625694275, 9.817527770996094, 0.31878194212913513, 0.29014524817466736, -0.7966795563697815, 1.57763671875, -0.55859375, -1.25048828125, 0, 
1114, 1659711490, 0.6252975463867188, -0.0027383456472307444, -0.007060239557176828, 0.780349612236023, -0.18531586229801178, -0.1555814892053604, 9.83984375, 0.2020835131406784, 0.3044123947620392, -0.7161483764648438, 1.576171875, -0.55859375, -1.24755859375, 0, 
1115, 1659719823, 0.6253016591072083, -0.0027372012846171856, -0.007058078423142433, 0.7803462743759155, -0.18987937271595, -0.14656175673007965, 9.848634719848633, 0.33409932255744934, 0.3342530131340027, -0.833410382270813, 1.57763671875, -0.55908203125, -1.2490234375, 0, 
1116, 1659728156, 0.6253023743629456, -0.002744485856965184, -0.0070580425672233105, 0.7803457975387573, -0.17648187279701233, -0.14101086556911469, 9.848957061767578, 0.2229847013950348, 0.28783994913101196, -0.7717056274414062, 1.576171875, -0.55810546875, -1.24658203125, 0, 
1117, 1659736489, 0.6253013014793396, -0.002742624143138528, -0.007065996527671814, 0.7803465127944946, -0.1540648639202118, -0.14123982191085815, 9.844236373901367, 0.2299005687236786, 0.23789221048355103, -0.7427871823310852, 1.57470703125, -0.56005859375, -1.24755859375, 0, 
1118, 1659744822, 0.6253019571304321, -0.002744617173448205, -0.007054807618260384, 0.780346155166626, -0.17663966119289398, -0.13757796585559845, 9.872733116149902, 0.38978466391563416, 0.33002665638923645, -0.7714751958847046, 1.57763671875, -0.55810546875, -1.24755859375, 0, 
1119, 1659753155, 0.6253023147583008, -0.0027425112202763557, -0.007050734478980303, 0.7803459167480469, -0.1827268749475479, -0.14279253780841827, 9.852533340454102, 0.3606868386268616, 0.3383512496948242, -0.7654557824134827, 1.57958984375, -0.55810546875, -1.24853515625, 0, 
1120, 1659761488, 0.6253026723861694, -0.0027400495018810034, -0.00704709067940712, 0.7803456783294678, -0.1708456575870514, -0.14694085717201233, 9.853062629699707, 0.34643253684043884, 0.217874675989151, -0.7671592235565186, 1.57470703125, -0.560546875, -1.2509765625, 0, 
1121, 1659769821, 0.6253025531768799, -0.0027462306898087263, -0.007047934457659721, 0.7803457975387573, -0.17357803881168365, -0.1449022889137268, 9.860272407531738, 0.2379690557718277, 0.38548141717910767, -0.7564907670021057, 1.578125, -0.55712890625, -1.248046875, 0, 
1122, 1659778154, 0.625302791595459, -0.0027478395495563745, -0.007044656202197075, 0.780345618724823, -0.18781934678554535, -0.14068926870822906, 9.846875190734863, 0.30738365650177, 0.25630882382392883, -0.766659677028656, 1.57568359375, -0.5595703125, -1.251953125, 0, 
1123, 1659786487, 0.6253020167350769, -0.002740925643593073, -0.007036217022687197, 0.7803463339805603, -0.1753447949886322, -0.14674772322177887, 9.8456449508667, 0.4509001672267914, 0.32592833042144775, -0.7441191077232361, 1.57763671875, -0.55810546875, -1.2509765625, 0, 
1124, 1659794820, 0.625304639339447, -0.002744607161730528, -0.0070267305709421635, 0.7803443074226379, -0.1858954280614853, -0.14289967715740204, 9.843392372131348, 0.35543593764305115, 0.3321525752544403, -0.8066946864128113, 1.57763671875, -0.55908203125, -1.248046875, 0, 
1125, 1659803153, 0.6253049969673157, -0.0027499927673488855, -0.007023639511317015, 0.7803440690040588, -0.18435022234916687, -0.1374204158782959, 9.865315437316895, 0.2879936397075653, 0.4108651280403137, -0.7660449743270874, 1.578125, -0.55859375, -1.24853515625, 0, 
1126, 1659811486, 0.62530916929245, -0.0027555052656680346, -0.007010678760707378, 0.780340850353241, -0.18675357103347778, -0.14360763132572174, 9.850759506225586, 0.3764908015727997, 0.3820747137069702, -0.8319246768951416, 1.578125, -0.560546875, -1.24853515625, 0, 
1127, 1659819819, 0.6253073811531067, -0.002751890802755952, -0.006998983211815357, 0.7803424596786499, -0.19402086734771729, -0.12831485271453857, 9.833635330200195, 0.4566889703273773, 0.38796600699424744, -0.7252158522605896, 1.5791015625, -0.55859375, -1.2451171875, 0, 
1128, 1659828152, 0.6253107190132141, -0.0027558505535125732, -0.006983884144574404, 0.7803398370742798, -0.17571674287319183, -0.146890789270401, 9.858627319335938, 0.41393887996673584, 0.3849179446697235, -0.8198860883712769, 1.5771484375, -0.55712890625, -1.24853515625, 0, 
1129, 1659836485, 0.6253108382225037, -0.002748452592641115, -0.006981082260608673, 0.780339777469635, -0.17901459336280823, -0.13249953091144562, 9.841653823852539, 0.3947281241416931, 0.271344393491745, -0.7622795701026917, 1.57958984375, -0.55859375, -1.24755859375, 0, 
1130, 1659844818, 0.6253088116645813, -0.0027546347118914127, -0.006972291972488165, 0.7803413271903992, -0.1755879819393158, -0.13276392221450806, 9.847311973571777, 0.3271321952342987, 0.35164502263069153, -0.7233203649520874, 1.57958984375, -0.55810546875, -1.2490234375, 0, 
1131, 1659853151, 0.6252995729446411, -0.002745453268289566, -0.006971368100494146, 0.7803487777709961, -0.16932210326194763, -0.137985497713089, 9.855015754699707, 0.3881452977657318, 0.23517709970474243, -0.5968116521835327, 1.57861328125, -0.56005859375, -1.24951171875, 0, 
1132, 1659861484, 0.6252986788749695, -0.002749102422967553, -0.006960442755371332, 0.7803495526313782, -0.18307022750377655, -0.1352677345275879, 9.845344543457031, 0.37293046712875366, 0.34342288970947266, -0.7423005700111389, 1.57666015625, -0.560546875, -1.24658203125, 0, 
1133, 1659869817, 0.6252951622009277, -0.002757209585979581, -0.0069607398472726345, 0.7803523540496826, -0.19171050190925598, -0.1541580706834793, 9.829078674316406, 0.22756965458393097, 0.4099173843860626, -0.696092426776886, 1.57666015625, -0.55810546875, -1.25146484375, 0, 
1134, 1659878150, 0.625295102596283, -0.0027695358730852604, -0.00695653073489666, 0.7803524732589722, -0.183942511677742, -0.14367200434207916, 9.849249839782715, 0.22552049160003662, 0.37897539138793945, -0.7583606243133545, 1.57861328125, -0.55908203125, -1.2509765625, 0, 
1135, 1659886483, 0.6252968907356262, -0.002773600397631526, -0.006959882099181414, 0.7803509831428528, -0.17862102389335632, -0.11813671141862869, 9.832269668579102, 0.22859424352645874, 0.3425263464450836, -0.790762722492218, 1.57568359375, -0.55615234375, -1.2509765625, 0, 
1136, 1659894816, 0.6252965331077576, -0.002779970411211252, -0.00696071982383728, 0.7803512811660767, -0.1911025047302246, -0.1560392677783966, 9.842047691345215, 0.22160154581069946, 0.26962822675704956, -0.7567469477653503, 1.57958984375, -0.5595703125, -1.25146484375, 0, 
1137, 1659903149, 0.6252937316894531, -0.0027838898822665215, -0.006971478927880526, 0.7803534269332886, -0.15739817917346954, -0.1250600516796112, 9.846053123474121, 0.1508806347846985, 0.27536579966545105, -0.7117170691490173, 1.57763671875, -0.55810546875, -1.24755859375, 0, 
1138, 1659911482, 0.6252991557121277, -0.0027852850034832954, -0.006962444633245468, 0.7803491353988647, -0.1831129789352417, -0.12750674784183502, 9.832419395446777, 0.37106063961982727, 0.30354154109954834, -0.8556435704231262, 1.57763671875, -0.5576171875, -1.24560546875, 0, 
1139, 1659919815, 0.6253000497817993, -0.0027869537007063627, -0.006960246246308088, 0.7803484201431274, -0.19060181081295013, -0.1330786496400833, 9.867168426513672, 0.31004753708839417, 0.3637605905532837, -0.7750099301338196, 1.578125, -0.560546875, -1.2470703125, 0, 
1140, 1659928148, 0.6253042221069336, -0.0028002364560961723, -0.006947797257453203, 0.78034508228302, -0.19373475015163422, -0.1509607434272766, 9.8455810546875, 0.3050270676612854, 0.45799529552459717, -0.8343068361282349, 1.57763671875, -0.55859375, -1.24658203125, 0, 
1141, 1659936481, 0.6253037452697754, -0.0028030816465616226, -0.006952639669179916, 0.7803453803062439, -0.1829768717288971, -0.16057416796684265, 9.859070777893066, 0.2243679016828537, 0.3162461817264557, -0.7508301734924316, 1.580078125, -0.5576171875, -1.24658203125, 0, 
1142, 1659944814, 0.6253077387809753, -0.0028092688880860806, -0.006951155606657267, 0.7803422808647156, -0.1828693300485611, -0.1454312950372696, 9.849514961242676, 0.2485477328300476, 0.28970977663993835, -0.8325906991958618, 1.57666015625, -0.5576171875, -1.2490234375, 0, 
1143, 1659953147, 0.6253063082695007, -0.0028084884397685528, -0.006950490642338991, 0.7803434133529663, -0.15925775468349457, -0.1417761892080307, 9.83742618560791, 0.31388962268829346, 0.3252367377281189, -0.7347186803817749, 1.58056640625, -0.5595703125, -1.25, 0, 
1144, 1659961480, 0.6253035068511963, -0.002815134124830365, -0.006940567400306463, 0.7803457379341125, -0.19171050190925598, -0.1274922788143158, 9.856095314025879, 0.3351750373840332, 0.3660402297973633, -0.7102826833724976, 1.57763671875, -0.56005859375, -1.24755859375, 0, 
1145, 1659969813, 0.625303328037262, -0.0028233686462044716, -0.006946276873350143, 0.7803457975387573, -0.18050898611545563, -0.1282215118408203, 9.851031303405762, 0.16919481754302979, 0.3659121096134186, -0.7558504343032837, 1.5771484375, -0.560546875, -1.24951171875, 0, 
1146, 1659978146, 0.6253045201301575, -0.0028282508719712496, -0.0069426679983735085, 0.7803448438644409, -0.1963452696800232, -0.1490578055381775, 9.836410522460938, 0.2821023464202881, 0.29273226857185364, -0.7826173305511475, 1.57763671875, -0.55908203125, -1.24658203125, 0, 
1147, 1659986479, 0.6253013014793396, -0.002834678627550602, -0.006942776031792164, 0.780347466468811, -0.18919984996318817, -0.13970217108726501, 9.827247619628906, 0.24416768550872803, 0.39526602625846863, -0.7023166418075562, 1.576171875, -0.55859375, -1.24658203125, 0, 
1148, 1659994812, 0.6253000497817993, -0.0028382856398820877, -0.006934500299394131, 0.7803484797477722, -0.18228337168693542, -0.13468119502067566, 9.856703758239746, 0.34439617395401, 0.31880757212638855, -0.7391244173049927, 1.57861328125, -0.55810546875, -1.2490234375, 0, 
1149, 1660003145, 0.6252982020378113, -0.0028356953989714384, -0.006931852549314499, 0.7803499698638916, -0.16273432970046997, -0.12372272461652756, 9.860773086547852, 0.3505435883998871, 0.32134339213371277, -0.7275466918945312, 1.5771484375, -0.556640625, -1.25, 0, 
1150, 1660011478, 0.6252995133399963, -0.002842465415596962, -0.006928533781319857, 0.7803489565849304, -0.1841287463903427, -0.1438797414302826, 9.842283248901367, 0.2636857330799103, 0.30874118208885193, -0.7815415263175964, 1.576171875, -0.56005859375, -1.2490234375, 0, 
1151, 1660019811, 0.6253003478050232, -0.0028389389626681805, -0.006924201734364033, 0.7803483605384827, -0.19022271037101746, -0.1416262835264206, 9.827362060546875, 0.3770543336868286, 0.3270297348499298, -0.7734474539756775, 1.58154296875, -0.5595703125, -1.24853515625, 0, 
1152, 1660028144, 0.6252998113632202, -0.002841126173734665, -0.00691418768838048, 0.7803488373756409, -0.15904346108436584, -0.14082516729831696, 9.837626457214355, 0.3742368221282959, 0.3188844621181488, -0.7469367980957031, 1.5791015625, -0.55859375, -1.24658203125, 0, 
1153, 1660036477, 0.6253020763397217, -0.0028414838016033173, -0.006909752730280161, 0.7803469896316528, -0.18392124772071838, -0.14186254143714905, 9.84964370727539, 0.3444986343383789, 0.3690114915370941, -0.8010596036911011, 1.5771484375, -0.55810546875, -1.248046875, 0, 
1154, 1660044810, 0.6253001093864441, -0.0028504962101578712, -0.006903985049575567, 0.7803487181663513, -0.1856377273797989, -0.14517410099506378, 9.857039451599121, 0.27078089118003845, 0.3534635901451111, -0.7211174368858337, 1.5791015625, -0.55859375, -1.25146484375, 0, 
1155, 1660053143, 0.6252989172935486, -0.0028489551041275263, -0.006896827835589647, 0.7803497314453125, -0.1719471961259842, -0.14755599200725555, 9.844786643981934, 0.39103975892066956, 0.3721364438533783, -0.7392781376838684, 1.57861328125, -0.5595703125, -1.24755859375, 0, 
1156, 1660061476, 0.6252981424331665, -0.0028584569226950407, -0.006895281840115786, 0.7803502082824707, -0.16251973807811737, -0.14244887232780457, 9.854171752929688, 0.2217808961868286, 0.32426345348358154, -0.7462195754051208, 1.57861328125, -0.55712890625, -1.2490234375, 0, 
1157, 1660069809, 0.6252986192703247, -0.0028595055919140577, -0.006889497395604849, 0.780349850654602, -0.19573020935058594, -0.14010252058506012, 9.863948822021484, 0.3517986834049225, 0.386890172958374, -0.7682220935821533, 1.57763671875, -0.55712890625, -1.24658203125, 0, 
1158, 1660078142, 0.6253044009208679, -0.002871811157092452, -0.00688729714602232, 0.7803453207015991, -0.18600967526435852, -0.1476561427116394, 9.83520221710205, 0.2043887823820114, 0.36160895228385925, -0.8609968423843384, 1.57958984375, -0.5576171875, -1.25, 0, 
1159, 1660086475, 0.6253001093864441, -0.002872478449717164, -0.006896269507706165, 0.7803486585617065, -0.17997267842292786, -0.1390584260225296, 9.86635971069336, 0.19898417592048645, 0.2565137445926666, -0.6860772371292114, 1.57666015625, -0.5576171875, -1.24658203125, 0, 
1160, 1660094808, 0.6253045201301575, -0.002879075240343809, -0.006889748387038708, 0.7803450226783752, -0.1778697520494461, -0.12511037290096283, 9.864228248596191, 0.2995200455188751, 0.33514946699142456, -0.8376110792160034, 1.57666015625, -0.55859375, -1.251953125, 0, 
1161, 1660103141, 0.6253036856651306, -0.0028821572195738554, -0.006891676224768162, 0.7803457379341125, -0.18771205842494965, -0.14640438556671143, 9.84616756439209, 0.2525947690010071, 0.34268003702163696, -0.7443752884864807, 1.57666015625, -0.5576171875, -1.24853515625, 0, 
1162, 1660111474, 0.6253007650375366, -0.0028895302675664425, -0.006883949972689152, 0.7803480625152588, -0.18544432520866394, -0.12498844414949417, 9.83834171295166, 0.3066152036190033, 0.35615313053131104, -0.7123318314552307, 1.57763671875, -0.56005859375, -1.24755859375, 0, 
1163, 1660119807, 0.6253001689910889, -0.0028829954098910093, -0.006882657762616873, 0.7803485989570618, -0.1839711219072342, -0.11812204867601395, 9.847390174865723, 0.3704459071159363, 0.2672717571258545, -0.7495238184928894, 1.57763671875, -0.56103515625, -1.2490234375, 0, 
1164, 1660128140, 0.6252997517585754, -0.0028879959136247635, -0.006879257038235664, 0.7803488373756409, -0.1696227788925171, -0.1479782909154892, 9.848777770996094, 0.2801557183265686, 0.2913491725921631, -0.7513936758041382, 1.5791015625, -0.5576171875, -1.2509765625, 0, 
1165, 1660136473, 0.625295102596283, -0.002892886521294713, -0.006886619608849287, 0.7803525328636169, -0.1804519146680832, -0.13508859276771545, 9.846210479736328, 0.17877455055713654, 0.3153240382671356, -0.6774964928627014, 1.580078125, -0.56396484375, -1.248046875, 0, 
1166, 1660144806, 0.6253007650375366, -0.002900606021285057, -0.006881630979478359, 0.7803481221199036, -0.16611777245998383, -0.14094693958759308, 9.841410636901855, 0.27349597215652466, 0.3350469768047333, -0.8595368266105652, 1.5751953125, -0.5576171875, -1.24755859375, 0, 
1167, 1660153139, 0.6253018379211426, -0.002897531259804964, -0.006880332250148058, 0.7803472280502319, -0.18246187269687653, -0.13978801667690277, 9.862804412841797, 0.34014421701431274, 0.3045404255390167, -0.7786983251571655, 1.5810546875, -0.5556640625, -1.25048828125, 0, 
1168, 1660161472, 0.6252990365028381, -0.002907648915424943, -0.006874898448586464, 0.7803494930267334, -0.1851801872253418, -0.13644081354141235, 9.853477478027344, 0.25802499055862427, 0.36204442381858826, -0.7116402983665466, 1.57861328125, -0.55859375, -1.24609375, 0, 
1169, 1660169805, 0.6252998113632202, -0.0029096147045493126, -0.00687725143507123, 0.7803488969802856, -0.18146046996116638, -0.15388625860214233, 9.85412883758545, 0.2580762803554535, 0.3280031085014343, -0.773806095123291, 1.57861328125, -0.5615234375, -1.25146484375, 0, 
1170, 1660178138, 0.6253029704093933, -0.002920412225648761, -0.006874046288430691, 0.7803463339805603, -0.20098057389259338, -0.15245568752288818, 9.853413581848145, 0.2293114960193634, 0.3537198007106781, -0.8143534064292908, 1.57470703125, -0.56005859375, -1.24951171875, 0, 
1171, 1660186471, 0.6253020167350769, -0.0029189162887632847, -0.006872577127069235, 0.7803471088409424, -0.178585022687912, -0.14352895319461823, 9.837491035461426, 0.3274395763874054, 0.3234693706035614, -0.7428896427154541, 1.576171875, -0.5595703125, -1.2490234375, 0, 
1172, 1660194804, 0.6252995133399963, -0.0029186548199504614, -0.00686614541336894, 0.7803491950035095, -0.19073055684566498, -0.1205325573682785, 9.860258102416992, 0.3592780530452728, 0.2599204480648041, -0.7165582180023193, 1.5791015625, -0.5595703125, -1.25, 0, 
1173, 1660203137, 0.6252967119216919, -0.0029242667369544506, -0.006863664835691452, 0.780351459980011, -0.19727541506290436, -0.1406034380197525, 9.853291511535645, 0.2774149775505066, 0.4073047339916229, -0.7087970972061157, 1.57666015625, -0.556640625, -1.25, 0, 
1174, 1660211470, 0.625296950340271, -0.002926474902778864, -0.00685467291623354, 0.7803513407707214, -0.17715446650981903, -0.1393016129732132, 9.846674919128418, 0.36578404903411865, 0.3094327747821808, -0.7651740312576294, 1.580078125, -0.56103515625, -1.2490234375, 0, 
1175, 1660219803, 0.6252962946891785, -0.0029303128831088543, -0.00684884749352932, 0.7803519368171692, -0.15920114517211914, -0.13790006935596466, 9.854636192321777, 0.32802873849868774, 0.41752487421035767, -0.7477307915687561, 1.57666015625, -0.55810546875, -1.248046875, 0, 
1176, 1660228136, 0.6252951622009277, -0.002935360185801983, -0.006842027883976698, 0.7803528904914856, -0.17594562470912933, -0.1578417867422104, 9.86563777923584, 0.31785982847213745, 0.32067739963531494, -0.7414039969444275, 1.57568359375, -0.55859375, -1.24951171875, 0, 
1177, 1660236469, 0.6252899765968323, -0.002931851428002119, -0.00684105372056365, 0.7803570628166199, -0.1717039942741394, -0.14365769922733307, 9.85074520111084, 0.3409382402896881, 0.2965744137763977, -0.6679936051368713, 1.578125, -0.5576171875, -1.24609375, 0, 
1178, 1660244802, 0.6252831816673279, -0.002931628841906786, -0.006837855093181133, 0.780362606048584, -0.1710459291934967, -0.14837142825126648, 9.85643196105957, 0.3231363892555237, 0.23381952941417694, -0.6408424973487854, 1.576171875, -0.56005859375, -1.248046875, 0, 
1179, 1660253135, 0.6252849698066711, -0.00293633621186018, -0.006835422478616238, 0.7803612351417542, -0.16833500564098358, -0.13471664488315582, 9.8378267288208, 0.2847406268119812, 0.39851903915405273, -0.7911213040351868, 1.57861328125, -0.55712890625, -1.248046875, 0, 
1180, 1660261468, 0.62527996301651, -0.002942317398265004, -0.006827817764133215, 0.7803651690483093, -0.18749746680259705, -0.13648340106010437, 9.84820556640625, 0.3181159794330597, 0.3367375135421753, -0.6707087159156799, 1.5771484375, -0.56005859375, -1.24365234375, 0, 
1181, 1660269801, 0.6252812147140503, -0.0029459851793944836, -0.006827616132795811, 0.7803641557693481, -0.17164677381515503, -0.12629058957099915, 9.854021072387695, 0.27014055848121643, 0.3672184944152832, -0.782591700553894, 1.578125, -0.55908203125, -1.24853515625, 0, 
1182, 1660278134, 0.6252806782722473, -0.002959884935989976, -0.006833238061517477, 0.7803643345832825, -0.17015887796878815, -0.14377184212207794, 9.867432594299316, 0.10807926207780838, 0.30899733304977417, -0.7529560327529907, 1.57666015625, -0.55712890625, -1.25048828125, 0, 
1183, 1660286467, 0.6252802014350891, -0.0029588204342871904, -0.006837979890406132, 0.7803647518157959, -0.17743317782878876, -0.14555293321609497, 9.85990047454834, 0.2575383186340332, 0.27380335330963135, -0.751572847366333, 1.57763671875, -0.556640625, -1.24853515625, 0, 
1184, 1660294800, 0.625282347202301, -0.0029648730996996164, -0.006831478793174028, 0.7803630232810974, -0.18173228204250336, -0.1443372219800949, 9.857905387878418, 0.3045404851436615, 0.3297705054283142, -0.7979604005813599, 1.5830078125, -0.56005859375, -1.25048828125, 0, 
1185, 1660303133, 0.6252830028533936, -0.0029639697168022394, -0.006829450372606516, 0.7803624868392944, -0.17267678678035736, -0.13465942442417145, 9.843306541442871, 0.32987290620803833, 0.33484208583831787, -0.7712189555168152, 1.576171875, -0.5615234375, -1.24658203125, 0, 
1186, 1660311466, 0.6252789497375488, -0.0029678496066480875, -0.006822665687650442, 0.7803658246994019, -0.19514386355876923, -0.15260590612888336, 9.844865798950195, 0.32677361369132996, 0.3077678084373474, -0.6898938417434692, 1.580078125, -0.5556640625, -1.2490234375, 0, 
1187, 1660319799, 0.6252766847610474, -0.00297349295578897, -0.006815959233790636, 0.7803677320480347, -0.17794813215732574, -0.14918643236160278, 9.861931800842285, 0.3227521479129791, 0.4438818693161011, -0.7186585664749146, 1.57763671875, -0.5546875, -1.2509765625, 0, 
1188, 1660328132, 0.6252772212028503, -0.002981748664751649, -0.0068110316060483456, 0.7803673148155212, -0.17475800216197968, -0.14661863446235657, 9.84367847442627, 0.27006369829177856, 0.33776211738586426, -0.7673512697219849, 1.57470703125, -0.56005859375, -1.24755859375, 0, 
1189, 1660336465, 0.6252752542495728, -0.0029828068800270557, -0.006806176621466875, 0.7803688645362854, -0.18181811273097992, -0.12087589502334595, 9.859185218811035, 0.3419884741306305, 0.3799999952316284, -0.7255232334136963, 1.57958984375, -0.560546875, -1.2509765625, 0, 
1190, 1660344798, 0.6252772808074951, -0.002987822750583291, -0.006797614973038435, 0.7803674340248108, -0.17264851927757263, -0.13409468531608582, 9.834264755249023, 0.33681437373161316, 0.33532875776290894, -0.7925812602043152, 1.5751953125, -0.56005859375, -1.2509765625, 0, 
